method,id_doc,n,k_injected,correct_flex,correct_strict,has_done,seconds,setting
fastdllm,0,0,0,1,1,1,6.13,{}
fastdllm,0,10,26,1,1,1,5.11,{}
fastdllm,0,20,51,1,1,1,4.65,{}
fastdllm,0,30,77,1,1,1,3.97,{}
fastdllm,0,40,102,1,1,1,3.51,{}
fastdllm,0,50,128,1,1,1,2.92,{}
fastdllm,0,60,154,1,1,1,2.43,{}
fastdllm,0,70,179,1,1,1,1.86,{}
fastdllm,0,80,205,1,1,1,1.38,{}
fastdllm,0,90,230,1,1,1,0.91,{}
fastdllm,1,0,0,1,1,1,5.68,{}
fastdllm,1,10,26,1,1,1,5.17,{}
fastdllm,1,20,51,1,1,1,4.6,{}
fastdllm,1,30,77,1,1,1,4.01,{}
fastdllm,1,40,102,1,1,1,3.43,{}
fastdllm,1,50,128,1,1,1,2.94,{}
fastdllm,1,60,154,1,1,1,2.35,{}
fastdllm,1,70,179,1,1,1,1.77,{}
fastdllm,1,80,205,1,1,1,1.17,{}
fastdllm,1,90,230,1,1,1,0.7,{}
fastdllm,3,0,0,1,1,1,5.48,{}
fastdllm,3,10,26,1,1,1,4.99,{}
fastdllm,3,20,51,1,1,1,4.53,{}
fastdllm,3,30,77,1,1,1,3.87,{}
fastdllm,3,40,102,1,1,1,3.32,{}
fastdllm,3,50,128,1,1,1,2.83,{}
fastdllm,3,60,154,1,1,1,2.26,{}
fastdllm,3,70,179,1,1,1,1.79,{}
fastdllm,3,80,205,1,1,1,1.29,{}
fastdllm,3,90,230,1,1,1,0.82,{}
fastdllm,4,0,0,1,1,1,5.73,{}
fastdllm,4,10,26,1,1,1,5.23,{}
fastdllm,4,20,51,1,1,1,4.65,{}
fastdllm,4,30,77,1,1,1,4.05,{}
fastdllm,4,40,102,1,1,1,3.47,{}
fastdllm,4,50,128,1,1,1,2.97,{}
fastdllm,4,60,154,1,1,1,2.48,{}
fastdllm,4,70,179,1,1,1,1.79,{}
fastdllm,4,80,205,1,1,1,1.29,{}
fastdllm,4,90,230,1,1,1,0.71,{}
fastdllm,6,0,0,1,1,1,5.57,{}
fastdllm,6,10,26,1,1,1,5.07,{}
fastdllm,6,20,51,1,1,1,4.51,{}
fastdllm,6,30,77,1,1,1,4.02,{}
fastdllm,6,40,102,1,1,1,3.37,{}
fastdllm,6,50,128,1,1,1,2.87,{}
fastdllm,6,60,154,1,1,1,2.29,{}
fastdllm,6,70,179,1,1,1,1.81,{}
fastdllm,6,80,205,1,1,1,1.23,{}
fastdllm,6,90,230,1,1,1,0.76,{}
fastdllm,9,0,0,1,1,1,5.52,{}
fastdllm,9,10,26,1,1,1,5.02,{}
fastdllm,9,20,51,1,1,1,4.47,{}
fastdllm,9,30,77,1,1,1,3.98,{}
fastdllm,9,40,102,1,1,1,3.42,{}
fastdllm,9,50,128,1,1,1,2.84,{}
fastdllm,9,60,154,1,1,1,2.27,{}
fastdllm,9,70,179,1,1,1,1.71,{}
fastdllm,9,80,205,1,1,1,1.13,{}
fastdllm,9,90,230,1,1,1,0.66,{}
fastdllm,10,0,0,1,1,0,5.59,{}
fastdllm,10,10,26,1,1,1,5.09,{}
fastdllm,10,20,51,0,0,1,4.52,{}
fastdllm,10,30,77,1,1,1,3.93,{}
fastdllm,10,40,102,1,1,1,3.46,{}
fastdllm,10,50,128,1,1,1,2.88,{}
fastdllm,10,60,154,1,1,1,2.29,{}
fastdllm,10,70,179,1,1,1,1.73,{}
fastdllm,10,80,205,1,1,1,1.24,{}
fastdllm,10,90,230,1,1,1,0.76,{}
fastdllm,11,0,0,1,1,1,5.91,{}
fastdllm,11,10,26,1,1,1,5.41,{}
fastdllm,11,20,51,1,1,1,4.93,{}
fastdllm,11,30,77,1,1,1,4.44,{}
fastdllm,11,40,102,1,1,1,3.83,{}
fastdllm,11,50,128,1,1,1,3.33,{}
fastdllm,11,60,154,1,1,1,2.46,{}
fastdllm,11,70,179,1,1,1,1.98,{}
fastdllm,11,80,205,1,1,1,1.35,{}
fastdllm,11,90,230,1,1,1,0.87,{}
fastdllm,14,0,0,1,1,1,5.52,{}
fastdllm,14,10,26,1,1,1,5.02,{}
fastdllm,14,20,51,1,1,1,4.47,{}
fastdllm,14,30,77,1,1,1,3.97,{}
fastdllm,14,40,102,1,1,1,3.42,{}
fastdllm,14,50,128,1,1,1,2.92,{}
fastdllm,14,60,154,1,1,1,2.35,{}
fastdllm,14,70,179,1,1,1,1.71,{}
fastdllm,14,80,205,1,1,1,1.21,{}
fastdllm,14,90,230,1,1,1,0.74,{}
fastdllm,17,0,0,1,1,1,5.52,{}
fastdllm,17,10,26,1,1,1,5.02,{}
fastdllm,17,20,51,1,1,1,4.47,{}
fastdllm,17,30,77,1,1,1,3.98,{}
fastdllm,17,40,102,1,1,1,3.42,{}
fastdllm,17,50,128,1,1,1,2.92,{}
fastdllm,17,60,154,1,1,1,2.27,{}
fastdllm,17,70,179,1,1,1,1.79,{}
fastdllm,17,80,205,1,1,1,1.22,{}
fastdllm,17,90,230,1,1,1,0.66,{}
fastdllm,18,0,0,1,1,1,5.51,{}
fastdllm,18,10,26,1,1,1,5.01,{}
fastdllm,18,20,51,1,1,1,4.46,{}
fastdllm,18,30,77,1,1,1,3.88,{}
fastdllm,18,40,102,1,1,1,3.41,{}
fastdllm,18,50,128,1,1,1,2.83,{}
fastdllm,18,60,154,1,1,1,2.34,{}
fastdllm,18,70,179,1,1,1,1.87,{}
fastdllm,18,80,205,1,1,1,1.29,{}
fastdllm,18,90,230,1,1,1,0.82,{}
fastdllm,19,0,0,1,1,1,5.57,{}
fastdllm,19,10,26,1,1,1,5.07,{}
fastdllm,19,20,51,1,1,1,4.51,{}
fastdllm,19,30,77,1,1,1,3.92,{}
fastdllm,19,40,102,1,1,1,3.36,{}
fastdllm,19,50,128,1,1,1,2.87,{}
fastdllm,19,60,154,1,1,1,2.29,{}
fastdllm,19,70,179,1,1,1,1.73,{}
fastdllm,19,80,205,1,1,1,1.23,{}
fastdllm,19,90,230,1,1,1,0.76,{}
fastdllm,22,0,0,1,1,1,5.84,{}
fastdllm,22,10,26,1,1,1,5.34,{}
fastdllm,22,20,51,1,1,1,4.74,{}
fastdllm,22,30,77,1,1,1,4.13,{}
fastdllm,22,40,102,1,1,1,3.54,{}
fastdllm,22,50,128,1,1,1,3.04,{}
fastdllm,22,60,154,1,1,1,2.54,{}
fastdllm,22,70,179,1,1,1,1.95,{}
fastdllm,22,80,205,1,1,1,1.46,{}
fastdllm,22,90,230,1,1,1,0.86,{}
fastdllm,23,0,0,1,1,1,5.58,{}
fastdllm,23,10,26,1,1,1,5.07,{}
fastdllm,23,20,51,1,1,1,4.51,{}
fastdllm,23,30,77,1,1,1,4.02,{}
fastdllm,23,40,102,1,1,1,3.54,{}
fastdllm,23,50,128,1,1,1,3.05,{}
fastdllm,23,60,154,1,1,1,2.56,{}
fastdllm,23,70,179,1,1,1,1.82,{}
fastdllm,23,80,205,1,1,1,1.32,{}
fastdllm,23,90,230,1,1,1,0.85,{}
fastdllm,24,0,0,1,1,1,5.73,{}
fastdllm,24,10,26,1,1,1,5.23,{}
fastdllm,24,20,51,1,1,1,4.65,{}
fastdllm,24,30,77,1,1,1,4.05,{}
fastdllm,24,40,102,1,1,1,3.47,{}
fastdllm,24,50,128,1,1,1,2.97,{}
fastdllm,24,60,154,1,1,1,2.37,{}
fastdllm,24,70,179,1,1,1,1.78,{}
fastdllm,24,80,205,1,1,1,1.18,{}
fastdllm,24,90,230,1,1,1,0.71,{}
fastdllm,25,0,0,1,1,1,5.73,{}
fastdllm,25,10,26,1,1,1,5.23,{}
fastdllm,25,20,51,1,1,1,4.75,{}
fastdllm,25,30,77,1,1,1,4.25,{}
fastdllm,25,40,102,1,1,1,3.46,{}
fastdllm,25,50,128,1,1,1,2.96,{}
fastdllm,25,60,154,1,1,1,2.36,{}
fastdllm,25,70,179,1,1,1,1.78,{}
fastdllm,25,80,205,1,1,1,1.29,{}
fastdllm,25,90,230,1,1,1,0.6,{}
fastdllm,26,0,0,1,1,1,5.58,{}
fastdllm,26,10,26,0,1,0,5.08,{}
fastdllm,26,20,51,0,1,0,4.61,{}
fastdllm,26,30,77,0,1,0,4.11,{}
fastdllm,26,40,102,0,1,0,3.64,{}
fastdllm,26,50,128,0,1,0,3.05,{}
fastdllm,26,60,154,0,1,0,2.29,{}
fastdllm,26,70,179,1,1,1,1.73,{}
fastdllm,26,80,205,1,1,1,1.24,{}
fastdllm,26,90,230,1,1,1,0.76,{}
fastdllm,27,0,0,1,1,1,5.51,{}
fastdllm,27,10,26,1,1,1,5.01,{}
fastdllm,27,20,51,1,1,1,4.53,{}
fastdllm,27,30,77,1,1,1,4.04,{}
fastdllm,27,40,102,1,1,1,3.49,{}
fastdllm,27,50,128,1,1,1,2.75,{}
fastdllm,27,60,154,1,1,1,2.26,{}
fastdllm,27,70,179,1,1,1,1.7,{}
fastdllm,27,80,205,1,1,1,1.21,{}
fastdllm,27,90,230,1,1,1,0.66,{}
fastdllm,29,0,0,1,1,1,5.56,{}
fastdllm,29,10,26,1,1,1,5.06,{}
fastdllm,29,20,51,1,1,1,4.58,{}
fastdllm,29,30,77,1,1,1,4.09,{}
fastdllm,29,40,102,0,1,0,3.44,{}
fastdllm,29,50,128,1,1,1,2.86,{}
fastdllm,29,60,154,1,1,1,2.28,{}
fastdllm,29,70,179,1,1,1,1.81,{}
fastdllm,29,80,205,1,1,1,1.14,{}
fastdllm,29,90,230,1,1,1,0.58,{}
fastdllm,30,0,0,1,1,1,5.56,{}
fastdllm,30,10,26,1,1,1,5.06,{}
fastdllm,30,20,51,1,1,1,4.5,{}
fastdllm,30,30,77,1,1,1,4.01,{}
fastdllm,30,40,102,1,1,1,3.45,{}
fastdllm,30,50,128,1,1,1,2.78,{}
fastdllm,30,60,154,1,1,1,2.28,{}
fastdllm,30,70,179,1,1,1,1.81,{}
fastdllm,30,80,205,1,1,1,1.23,{}
fastdllm,30,90,230,1,1,1,0.67,{}
fastdllm,31,0,0,0,0,1,5.73,{}
fastdllm,31,10,26,1,1,1,5.23,{}
fastdllm,31,20,51,1,1,1,4.65,{}
fastdllm,31,30,77,1,1,1,4.05,{}
fastdllm,31,40,102,1,1,1,3.57,{}
fastdllm,31,50,128,1,1,1,2.97,{}
fastdllm,31,60,154,1,1,1,2.37,{}
fastdllm,31,70,179,1,1,1,1.79,{}
fastdllm,31,80,205,1,1,1,1.18,{}
fastdllm,31,90,230,1,1,1,0.6,{}
fastdllm,33,0,0,1,1,1,5.51,{}
fastdllm,33,10,26,0,0,1,5.01,{}
fastdllm,33,20,51,0,0,1,4.46,{}
fastdllm,33,30,77,0,0,1,3.88,{}
fastdllm,33,40,102,0,0,1,3.33,{}
fastdllm,33,50,128,1,1,1,2.75,{}
fastdllm,33,60,154,1,1,1,2.26,{}
fastdllm,33,70,179,1,1,1,1.71,{}
fastdllm,33,80,205,1,1,1,1.21,{}
fastdllm,33,90,230,1,1,1,0.74,{}
fastdllm,34,0,0,0,0,1,5.71,{}
fastdllm,34,10,26,1,1,1,5.21,{}
fastdllm,34,20,51,1,1,1,4.63,{}
fastdllm,34,30,77,1,1,1,4.03,{}
fastdllm,34,40,102,1,1,1,3.45,{}
fastdllm,34,50,128,1,1,1,2.95,{}
fastdllm,34,60,154,1,1,1,2.36,{}
fastdllm,34,70,179,1,1,1,1.88,{}
fastdllm,34,80,205,1,1,1,1.39,{}
fastdllm,34,90,230,1,1,1,0.91,{}
fastdllm,36,0,0,1,1,1,5.56,{}
fastdllm,36,10,26,1,1,1,5.06,{}
fastdllm,36,20,51,1,1,1,4.5,{}
fastdllm,36,30,77,1,1,1,4.01,{}
fastdllm,36,40,102,1,1,1,3.53,{}
fastdllm,36,50,128,1,1,1,2.87,{}
fastdllm,36,60,154,1,1,1,2.28,{}
fastdllm,36,70,179,1,1,1,1.72,{}
fastdllm,36,80,205,1,1,1,1.23,{}
fastdllm,36,90,230,1,1,1,0.75,{}
fastdllm,38,0,0,0,0,1,5.5,{}
fastdllm,38,10,26,1,1,1,5.01,{}
fastdllm,38,20,51,1,1,1,4.45,{}
fastdllm,38,30,77,1,1,1,3.88,{}
fastdllm,38,40,102,1,1,1,3.33,{}
fastdllm,38,50,128,1,1,1,2.83,{}
fastdllm,38,60,154,1,1,1,2.34,{}
fastdllm,38,70,179,1,1,1,1.78,{}
fastdllm,38,80,205,1,1,1,1.21,{}
fastdllm,38,90,230,1,1,1,0.66,{}
fastdllm,40,0,0,1,1,1,5.72,{}
fastdllm,40,10,26,1,1,1,5.22,{}
fastdllm,40,20,51,1,1,1,4.64,{}
fastdllm,40,30,77,1,1,1,4.15,{}
fastdllm,40,40,102,1,1,1,3.46,{}
fastdllm,40,50,128,1,1,1,2.96,{}
fastdllm,40,60,154,1,1,1,2.47,{}
fastdllm,40,70,179,1,1,1,1.99,{}
fastdllm,40,80,205,1,1,1,1.5,{}
fastdllm,40,90,230,1,1,1,0.92,{}
fastdllm,41,0,0,1,1,1,5.73,{}
fastdllm,41,10,26,1,1,1,5.23,{}
fastdllm,41,20,51,1,1,1,4.65,{}
fastdllm,41,30,77,1,1,1,4.15,{}
fastdllm,41,40,102,1,1,1,3.57,{}
fastdllm,41,50,128,1,1,1,3.07,{}
fastdllm,41,60,154,1,1,1,2.58,{}
fastdllm,41,70,179,1,1,1,2.0,{}
fastdllm,41,80,205,1,1,1,1.4,{}
fastdllm,41,90,230,1,1,1,0.92,{}
fastdllm,42,0,0,1,1,1,5.5,{}
fastdllm,42,10,26,1,1,1,5.01,{}
fastdllm,42,20,51,1,1,1,4.45,{}
fastdllm,42,30,77,1,1,1,3.88,{}
fastdllm,42,40,102,1,1,1,3.41,{}
fastdllm,42,50,128,1,1,1,2.83,{}
fastdllm,42,60,154,1,1,1,2.34,{}
fastdllm,42,70,179,1,1,1,1.7,{}
fastdllm,42,80,205,1,1,1,1.13,{}
fastdllm,42,90,230,1,1,1,0.66,{}
fastdllm,45,0,0,1,1,1,5.73,{}
fastdllm,45,10,26,1,1,1,5.22,{}
fastdllm,45,20,51,0,1,0,4.64,{}
fastdllm,45,30,77,1,1,1,4.04,{}
fastdllm,45,40,102,1,1,1,3.46,{}
fastdllm,45,50,128,1,1,1,2.86,{}
fastdllm,45,60,154,1,1,1,2.37,{}
fastdllm,45,70,179,1,1,1,1.78,{}
fastdllm,45,80,205,1,1,1,1.18,{}
fastdllm,45,90,230,1,1,1,0.71,{}
fastdllm,48,0,0,1,1,1,5.51,{}
fastdllm,48,10,26,1,1,1,5.02,{}
fastdllm,48,20,51,1,1,1,4.54,{}
fastdllm,48,30,77,1,1,1,3.88,{}
fastdllm,48,40,102,1,1,1,3.33,{}
fastdllm,48,50,128,1,1,1,2.84,{}
fastdllm,48,60,154,1,1,1,2.26,{}
fastdllm,48,70,179,1,1,1,1.71,{}
fastdllm,48,80,205,1,1,1,1.13,{}
fastdllm,48,90,230,1,1,1,0.57,{}
fastdllm,49,0,0,1,1,1,5.56,{}
fastdllm,49,10,26,1,1,1,5.06,{}
fastdllm,49,20,51,1,1,1,4.59,{}
fastdllm,49,30,77,1,1,1,4.1,{}
fastdllm,49,40,102,1,1,1,3.36,{}
fastdllm,49,50,128,1,1,1,2.87,{}
fastdllm,49,60,154,1,1,1,2.29,{}
fastdllm,49,70,179,1,1,1,1.72,{}
fastdllm,49,80,205,1,1,1,1.23,{}
fastdllm,49,90,230,1,1,1,0.67,{}
fastdllm,50,0,0,1,1,1,5.58,{}
fastdllm,50,10,26,1,1,1,5.08,{}
fastdllm,50,20,51,1,1,1,4.51,{}
fastdllm,50,30,77,1,1,1,4.02,{}
fastdllm,50,40,102,1,1,1,3.37,{}
fastdllm,50,50,128,1,1,1,2.78,{}
fastdllm,50,60,154,1,1,1,2.29,{}
fastdllm,50,70,179,1,1,1,1.73,{}
fastdllm,50,80,205,1,1,1,1.15,{}
fastdllm,50,90,230,1,1,1,0.58,{}
fastdllm,51,0,0,0,1,0,5.51,{}
fastdllm,51,10,26,0,1,0,5.01,{}
fastdllm,51,20,51,0,1,0,4.46,{}
fastdllm,51,30,77,1,1,1,3.88,{}
fastdllm,51,40,102,1,1,1,3.41,{}
fastdllm,51,50,128,1,1,1,2.83,{}
fastdllm,51,60,154,1,1,1,2.34,{}
fastdllm,51,70,179,1,1,1,1.87,{}
fastdllm,51,80,205,1,1,1,1.38,{}
fastdllm,51,90,230,1,1,1,0.82,{}
fastdllm,52,0,0,1,1,1,5.52,{}
fastdllm,52,10,26,1,1,1,5.03,{}
fastdllm,52,20,51,1,1,1,4.47,{}
fastdllm,52,30,77,1,1,1,3.98,{}
fastdllm,52,40,102,1,1,1,3.34,{}
fastdllm,52,50,128,1,1,1,2.76,{}
fastdllm,52,60,154,1,1,1,2.27,{}
fastdllm,52,70,179,1,1,1,1.71,{}
fastdllm,52,80,205,1,1,1,1.13,{}
fastdllm,52,90,230,1,1,1,0.66,{}
fastdllm,53,0,0,0,0,1,5.97,{}
fastdllm,53,10,26,0,0,1,5.46,{}
fastdllm,53,20,51,0,0,1,4.98,{}
fastdllm,53,30,77,0,0,1,4.48,{}
fastdllm,53,40,102,0,0,1,3.61,{}
fastdllm,53,50,128,1,1,1,3.11,{}
fastdllm,53,60,154,1,1,1,2.48,{}
fastdllm,53,70,179,1,1,1,1.87,{}
fastdllm,53,80,205,1,1,1,1.24,{}
fastdllm,53,90,230,1,1,1,0.63,{}
fastdllm,55,0,0,1,1,1,5.71,{}
fastdllm,55,10,26,1,1,1,5.22,{}
fastdllm,55,20,51,1,1,1,4.74,{}
fastdllm,55,30,77,1,1,1,4.14,{}
fastdllm,55,40,102,1,1,1,3.46,{}
fastdllm,55,50,128,1,1,1,2.96,{}
fastdllm,55,60,154,1,1,1,2.47,{}
fastdllm,55,70,179,1,1,1,1.88,{}
fastdllm,55,80,205,1,1,1,1.39,{}
fastdllm,55,90,230,1,1,1,0.91,{}
fastdllm,56,0,0,1,1,1,5.73,{}
fastdllm,56,10,26,1,1,1,5.22,{}
fastdllm,56,20,51,1,1,1,4.64,{}
fastdllm,56,30,77,1,1,1,4.04,{}
fastdllm,56,40,102,1,1,1,3.46,{}
fastdllm,56,50,128,1,1,1,2.97,{}
fastdllm,56,60,154,1,1,1,2.36,{}
fastdllm,56,70,179,1,1,1,1.78,{}
fastdllm,56,80,205,1,1,1,1.18,{}
fastdllm,56,90,230,1,1,1,0.71,{}
fastdllm,57,0,0,1,1,1,5.73,{}
fastdllm,57,10,26,1,1,1,5.23,{}
fastdllm,57,20,51,1,1,1,4.65,{}
fastdllm,57,30,77,1,1,1,4.05,{}
fastdllm,57,40,102,1,1,1,3.46,{}
fastdllm,57,50,128,1,1,1,2.86,{}
fastdllm,57,60,154,1,1,1,2.37,{}
fastdllm,57,70,179,1,1,1,1.79,{}
fastdllm,57,80,205,1,1,1,1.29,{}
fastdllm,57,90,230,1,1,1,0.81,{}
fastdllm,58,0,0,1,1,1,5.86,{}
fastdllm,58,10,26,1,1,1,5.35,{}
fastdllm,58,20,51,1,1,1,4.76,{}
fastdllm,58,30,77,1,1,1,4.14,{}
fastdllm,58,40,102,1,1,1,3.55,{}
fastdllm,58,50,128,1,1,1,3.05,{}
fastdllm,58,60,154,1,1,1,2.43,{}
fastdllm,58,70,179,1,1,1,1.83,{}
fastdllm,58,80,205,1,1,1,1.22,{}
fastdllm,58,90,230,1,1,1,0.74,{}
fastdllm,61,0,0,1,1,1,5.52,{}
fastdllm,61,10,26,1,1,1,5.01,{}
fastdllm,61,20,51,1,1,1,4.54,{}
fastdllm,61,30,77,1,1,1,4.05,{}
fastdllm,61,40,102,1,1,1,3.41,{}
fastdllm,61,50,128,1,1,1,2.84,{}
fastdllm,61,60,154,1,1,1,2.26,{}
fastdllm,61,70,179,1,1,1,1.79,{}
fastdllm,61,80,205,1,1,1,1.3,{}
fastdllm,61,90,230,1,1,1,0.83,{}
fastdllm,63,0,0,1,1,1,5.51,{}
fastdllm,63,10,26,1,1,1,5.02,{}
fastdllm,63,20,51,1,1,1,4.55,{}
fastdllm,63,30,77,1,1,1,3.89,{}
fastdllm,63,40,102,1,1,1,3.33,{}
fastdllm,63,50,128,1,1,1,2.84,{}
fastdllm,63,60,154,1,1,1,2.26,{}
fastdllm,63,70,179,1,1,1,1.79,{}
fastdllm,63,80,205,1,1,1,1.13,{}
fastdllm,63,90,230,1,1,1,0.66,{}
fastdllm,0,2,5,1,1,1,6.04,{}
fastdllm,0,4,10,1,1,1,5.43,{}
fastdllm,0,6,15,1,1,1,5.35,{}
fastdllm,0,8,20,1,1,1,5.27,{}
fastdllm,0,12,31,1,1,1,5.07,{}
fastdllm,0,14,36,1,1,1,4.99,{}
fastdllm,0,16,41,1,1,1,4.9,{}
fastdllm,0,18,46,1,1,1,4.81,{}
fastdllm,0,22,56,1,1,1,4.52,{}
fastdllm,0,24,61,1,1,1,4.43,{}
fastdllm,0,26,67,1,1,1,4.21,{}
fastdllm,0,28,72,1,1,1,4.12,{}
fastdllm,0,32,82,1,1,1,3.94,{}
fastdllm,0,34,87,1,1,1,3.84,{}
fastdllm,0,36,92,1,1,1,3.75,{}
fastdllm,0,38,97,1,1,1,3.65,{}
fastdllm,0,42,108,1,1,1,3.34,{}
fastdllm,0,44,113,1,1,1,3.25,{}
fastdllm,0,46,118,1,1,1,3.15,{}
fastdllm,0,48,123,1,1,1,3.05,{}
fastdllm,0,52,133,1,1,1,2.87,{}
fastdllm,0,54,138,1,1,1,2.77,{}
fastdllm,0,56,143,1,1,1,2.67,{}
fastdllm,0,58,148,1,1,1,2.58,{}
fastdllm,0,62,159,1,1,1,2.37,{}
fastdllm,0,64,164,1,1,1,2.28,{}
fastdllm,0,66,169,1,1,1,2.08,{}
fastdllm,0,68,174,1,1,1,1.98,{}
fastdllm,0,72,184,1,1,1,1.79,{}
fastdllm,0,74,189,1,1,1,1.7,{}
fastdllm,0,76,195,1,1,1,1.58,{}
fastdllm,0,78,200,1,1,1,1.49,{}
fastdllm,0,82,210,1,1,1,1.3,{}
fastdllm,0,84,215,1,1,1,1.2,{}
fastdllm,0,86,220,1,1,1,1.11,{}
fastdllm,0,88,225,1,1,1,1.01,{}
fastdllm,1,2,5,1,1,1,5.64,{}
fastdllm,1,4,10,1,1,1,5.52,{}
fastdllm,1,6,15,1,1,1,5.43,{}
fastdllm,1,8,20,1,1,1,5.34,{}
fastdllm,1,12,31,1,1,1,5.13,{}
fastdllm,1,14,36,1,1,1,5.04,{}
fastdllm,1,16,41,1,1,1,4.94,{}
fastdllm,1,18,46,1,1,1,4.74,{}
fastdllm,1,22,56,1,1,1,4.55,{}
fastdllm,1,24,61,1,1,1,4.45,{}
fastdllm,1,26,67,1,1,1,4.23,{}
fastdllm,1,28,72,1,1,1,4.14,{}
fastdllm,1,32,82,1,1,1,3.95,{}
fastdllm,1,34,87,1,1,1,3.85,{}
fastdllm,1,36,92,1,1,1,3.76,{}
fastdllm,1,38,97,1,1,1,3.55,{}
fastdllm,1,42,108,1,1,1,3.34,{}
fastdllm,1,44,113,1,1,1,3.25,{}
fastdllm,1,46,118,1,1,1,3.15,{}
fastdllm,1,48,123,1,1,1,3.06,{}
fastdllm,1,52,133,1,1,1,2.76,{}
fastdllm,1,54,138,1,1,1,2.67,{}
fastdllm,1,56,143,1,1,1,2.57,{}
fastdllm,1,58,148,1,1,1,2.48,{}
fastdllm,1,62,159,1,1,1,2.27,{}
fastdllm,1,64,164,1,1,1,2.07,{}
fastdllm,1,66,169,1,1,1,1.97,{}
fastdllm,1,68,174,1,1,1,1.88,{}
fastdllm,1,72,184,1,1,1,1.69,{}
fastdllm,1,74,189,1,1,1,1.59,{}
fastdllm,1,76,195,1,1,1,1.47,{}
fastdllm,1,78,200,1,1,1,1.28,{}
fastdllm,1,82,210,1,1,1,1.09,{}
fastdllm,1,84,215,1,1,1,0.99,{}
fastdllm,1,86,220,1,1,1,0.9,{}
fastdllm,1,88,225,1,1,1,0.8,{}
fastdllm,3,2,5,1,1,1,5.41,{}
fastdllm,3,4,10,1,1,1,5.32,{}
fastdllm,3,6,15,1,1,1,5.22,{}
fastdllm,3,8,20,1,1,1,5.12,{}
fastdllm,3,12,31,1,1,1,4.92,{}
fastdllm,3,14,36,1,1,1,4.82,{}
fastdllm,3,16,41,1,1,1,4.73,{}
fastdllm,3,18,46,1,1,1,4.64,{}
fastdllm,3,22,56,1,1,1,4.45,{}
fastdllm,3,24,61,1,1,1,4.27,{}
fastdllm,3,26,67,1,1,1,4.07,{}
fastdllm,3,28,72,1,1,1,3.99,{}
fastdllm,3,32,82,1,1,1,3.8,{}
fastdllm,3,34,87,1,1,1,3.7,{}
fastdllm,3,36,92,1,1,1,3.61,{}
fastdllm,3,38,97,1,1,1,3.51,{}
fastdllm,3,42,108,1,1,1,3.22,{}
fastdllm,3,44,113,1,1,1,3.12,{}
fastdllm,3,46,118,1,1,1,3.02,{}
fastdllm,3,48,123,1,1,1,2.93,{}
fastdllm,3,52,133,1,1,1,2.74,{}
fastdllm,3,54,138,1,1,1,2.64,{}
fastdllm,3,56,143,1,1,1,2.55,{}
fastdllm,3,58,148,1,1,1,2.37,{}
fastdllm,3,62,159,1,1,1,2.16,{}
fastdllm,3,64,164,1,1,1,2.07,{}
fastdllm,3,66,169,1,1,1,1.98,{}
fastdllm,3,68,174,1,1,1,1.88,{}
fastdllm,3,72,184,1,1,1,1.69,{}
fastdllm,3,74,189,1,1,1,1.6,{}
fastdllm,3,76,195,1,1,1,1.48,{}
fastdllm,3,78,200,1,1,1,1.39,{}
fastdllm,3,82,210,1,1,1,1.2,{}
fastdllm,3,84,215,1,1,1,1.11,{}
fastdllm,3,86,220,1,1,1,1.01,{}
fastdllm,3,88,225,1,1,1,0.92,{}
fastdllm,4,2,5,1,1,1,5.63,{}
fastdllm,4,4,10,1,1,0,5.53,{}
fastdllm,4,6,15,0,0,1,5.43,{}
fastdllm,4,8,20,1,1,1,5.34,{}
fastdllm,4,12,31,1,1,1,5.13,{}
fastdllm,4,14,36,1,1,1,5.03,{}
fastdllm,4,16,41,1,1,1,4.94,{}
fastdllm,4,18,46,1,1,1,4.84,{}
fastdllm,4,22,56,1,1,1,4.54,{}
fastdllm,4,24,61,1,1,1,4.45,{}
fastdllm,4,26,67,1,1,1,4.23,{}
fastdllm,4,28,72,1,1,1,4.14,{}
fastdllm,4,32,82,1,1,1,3.95,{}
fastdllm,4,34,87,1,1,1,3.85,{}
fastdllm,4,36,92,1,1,1,3.76,{}
fastdllm,4,38,97,1,1,1,3.56,{}
fastdllm,4,42,108,1,1,1,3.35,{}
fastdllm,4,44,113,1,1,1,3.25,{}
fastdllm,4,46,118,1,1,1,3.16,{}
fastdllm,4,48,123,1,1,1,3.06,{}
fastdllm,4,52,133,1,1,1,2.87,{}
fastdllm,4,54,138,1,1,1,2.78,{}
fastdllm,4,56,143,1,1,1,2.68,{}
fastdllm,4,58,148,1,1,1,2.59,{}
fastdllm,4,62,159,1,1,1,2.27,{}
fastdllm,4,64,164,1,1,1,2.07,{}
fastdllm,4,66,169,1,1,1,1.97,{}
fastdllm,4,68,174,1,1,1,1.88,{}
fastdllm,4,72,184,1,1,1,1.69,{}
fastdllm,4,74,189,1,1,1,1.59,{}
fastdllm,4,76,195,1,1,1,1.48,{}
fastdllm,4,78,200,1,1,1,1.38,{}
fastdllm,4,82,210,1,1,1,1.09,{}
fastdllm,4,84,215,1,1,1,0.99,{}
fastdllm,4,86,220,1,1,1,0.9,{}
fastdllm,4,88,225,1,1,1,0.8,{}
fastdllm,6,2,5,1,1,1,5.46,{}
fastdllm,6,4,10,1,1,1,5.39,{}
fastdllm,6,6,15,1,1,1,5.27,{}
fastdllm,6,8,20,1,1,1,5.17,{}
fastdllm,6,12,31,1,1,1,4.96,{}
fastdllm,6,14,36,1,1,1,4.86,{}
fastdllm,6,16,41,1,1,1,4.77,{}
fastdllm,6,18,46,1,1,1,4.67,{}
fastdllm,6,22,56,1,1,1,4.39,{}
fastdllm,6,24,61,1,1,1,4.3,{}
fastdllm,6,26,67,1,1,1,4.19,{}
fastdllm,6,28,72,1,1,1,4.09,{}
fastdllm,6,32,82,1,1,1,3.9,{}
fastdllm,6,34,87,1,1,1,3.81,{}
fastdllm,6,36,92,1,1,1,3.62,{}
fastdllm,6,38,97,1,1,1,3.44,{}
fastdllm,6,42,108,1,1,1,3.24,{}
fastdllm,6,44,113,1,1,1,3.14,{}
fastdllm,6,46,118,1,1,1,3.05,{}
fastdllm,6,48,123,1,1,1,2.95,{}
fastdllm,6,52,133,1,1,1,2.76,{}
fastdllm,6,54,138,1,1,1,2.58,{}
fastdllm,6,56,143,1,1,1,2.48,{}
fastdllm,6,58,148,1,1,1,2.39,{}
fastdllm,6,62,159,1,1,1,2.18,{}
fastdllm,6,64,164,1,1,1,2.09,{}
fastdllm,6,66,169,1,1,1,1.99,{}
fastdllm,6,68,174,1,1,1,1.9,{}
fastdllm,6,72,184,1,1,1,1.62,{}
fastdllm,6,74,189,1,1,1,1.53,{}
fastdllm,6,76,195,1,1,1,1.41,{}
fastdllm,6,78,200,1,1,1,1.32,{}
fastdllm,6,82,210,1,1,1,1.13,{}
fastdllm,6,84,215,1,1,1,1.04,{}
fastdllm,6,86,220,1,1,1,0.94,{}
fastdllm,6,88,225,1,1,1,0.85,{}
fastdllm,9,2,5,1,1,1,5.39,{}
fastdllm,9,4,10,1,1,1,5.3,{}
fastdllm,9,6,15,1,1,1,5.2,{}
fastdllm,9,8,20,1,1,1,5.1,{}
fastdllm,9,12,31,1,1,1,4.9,{}
fastdllm,9,14,36,1,1,1,4.72,{}
fastdllm,9,16,41,1,1,1,4.63,{}
fastdllm,9,18,46,1,1,1,4.54,{}
fastdllm,9,22,56,1,1,1,4.35,{}
fastdllm,9,24,61,1,1,1,4.25,{}
fastdllm,9,26,67,1,1,1,4.14,{}
fastdllm,9,28,72,1,1,1,4.05,{}
fastdllm,9,32,82,1,1,1,3.78,{}
fastdllm,9,34,87,1,1,1,3.68,{}
fastdllm,9,36,92,1,1,1,3.59,{}
fastdllm,9,38,97,1,1,1,3.49,{}
fastdllm,9,42,108,1,1,1,3.29,{}
fastdllm,9,44,113,1,1,1,3.11,{}
fastdllm,9,46,118,1,1,1,3.01,{}
fastdllm,9,48,123,1,1,1,2.92,{}
fastdllm,9,52,133,1,1,1,2.73,{}
fastdllm,9,54,138,1,1,1,2.64,{}
fastdllm,9,56,143,1,1,1,2.54,{}
fastdllm,9,58,148,1,1,1,2.36,{}
fastdllm,9,62,159,1,1,1,2.16,{}
fastdllm,9,64,164,1,1,1,1.98,{}
fastdllm,9,66,169,1,1,1,1.89,{}
fastdllm,9,68,174,1,1,1,1.79,{}
fastdllm,9,72,184,1,1,1,1.61,{}
fastdllm,9,74,189,1,1,1,1.51,{}
fastdllm,9,76,195,1,1,1,1.32,{}
fastdllm,9,78,200,1,1,1,1.22,{}
fastdllm,9,82,210,1,1,1,1.03,{}
fastdllm,9,84,215,1,1,1,0.94,{}
fastdllm,9,86,220,1,1,1,0.84,{}
fastdllm,9,88,225,1,1,1,0.75,{}
fastdllm,10,2,5,1,1,1,5.46,{}
fastdllm,10,4,10,1,1,1,5.36,{}
fastdllm,10,6,15,1,1,1,5.27,{}
fastdllm,10,8,20,1,1,1,5.17,{}
fastdllm,10,12,31,0,0,1,4.97,{}
fastdllm,10,14,36,1,1,1,4.87,{}
fastdllm,10,16,41,1,1,1,4.69,{}
fastdllm,10,18,46,1,1,1,4.59,{}
fastdllm,10,22,56,1,1,1,4.41,{}
fastdllm,10,24,61,1,1,1,4.31,{}
fastdllm,10,26,67,1,1,1,4.11,{}
fastdllm,10,28,72,1,1,1,4.01,{}
fastdllm,10,32,82,1,1,1,3.83,{}
fastdllm,10,34,87,1,1,1,3.73,{}
fastdllm,10,36,92,1,1,1,3.64,{}
fastdllm,10,38,97,1,1,1,3.54,{}
fastdllm,10,42,108,1,1,1,3.25,{}
fastdllm,10,44,113,1,1,1,3.15,{}
fastdllm,10,46,118,1,1,1,3.05,{}
fastdllm,10,48,123,1,1,1,2.96,{}
fastdllm,10,52,133,1,1,1,2.77,{}
fastdllm,10,54,138,1,1,1,2.68,{}
fastdllm,10,56,143,1,1,1,2.58,{}
fastdllm,10,58,148,1,1,1,2.49,{}
fastdllm,10,62,159,1,1,1,2.19,{}
fastdllm,10,64,164,1,1,1,2.01,{}
fastdllm,10,66,169,1,1,1,1.91,{}
fastdllm,10,68,174,1,1,1,1.82,{}
fastdllm,10,72,184,1,1,1,1.63,{}
fastdllm,10,74,189,1,1,1,1.53,{}
fastdllm,10,76,195,1,1,1,1.42,{}
fastdllm,10,78,200,1,1,1,1.32,{}
fastdllm,10,82,210,1,1,1,1.14,{}
fastdllm,10,84,215,1,1,1,1.04,{}
fastdllm,10,86,220,1,1,1,0.95,{}
fastdllm,10,88,225,1,1,1,0.85,{}
fastdllm,11,2,5,1,1,1,5.8,{}
fastdllm,11,4,10,1,1,1,5.7,{}
fastdllm,11,6,15,1,1,1,5.61,{}
fastdllm,11,8,20,1,1,1,5.51,{}
fastdllm,11,12,31,1,1,1,5.3,{}
fastdllm,11,14,36,1,1,1,5.21,{}
fastdllm,11,16,41,1,1,1,5.11,{}
fastdllm,11,18,46,1,1,1,5.02,{}
fastdllm,11,22,56,1,1,1,4.83,{}
fastdllm,11,24,61,1,1,1,4.73,{}
fastdllm,11,26,67,1,1,1,4.62,{}
fastdllm,11,28,72,1,1,1,4.52,{}
fastdllm,11,32,82,1,1,1,4.33,{}
fastdllm,11,34,87,1,1,1,4.23,{}
fastdllm,11,36,92,1,1,1,4.13,{}
fastdllm,11,38,97,1,1,1,3.91,{}
fastdllm,11,42,108,1,1,1,3.7,{}
fastdllm,11,44,113,1,1,1,3.61,{}
fastdllm,11,46,118,1,1,1,3.51,{}
fastdllm,11,48,123,1,1,1,3.42,{}
fastdllm,11,52,133,1,1,1,3.1,{}
fastdllm,11,54,138,1,1,1,3.0,{}
fastdllm,11,56,143,1,1,1,2.66,{}
fastdllm,11,58,148,1,1,1,2.56,{}
fastdllm,11,62,159,1,1,1,2.35,{}
fastdllm,11,64,164,1,1,1,2.26,{}
fastdllm,11,66,169,1,1,1,2.16,{}
fastdllm,11,68,174,1,1,1,2.07,{}
fastdllm,11,72,184,1,1,1,1.88,{}
fastdllm,11,74,189,1,1,1,1.66,{}
fastdllm,11,76,195,1,1,1,1.54,{}
fastdllm,11,78,200,1,1,1,1.44,{}
fastdllm,11,82,210,1,1,1,1.25,{}
fastdllm,11,84,215,1,1,1,1.16,{}
fastdllm,11,86,220,1,1,1,1.06,{}
fastdllm,11,88,225,1,1,1,0.97,{}
fastdllm,14,2,5,1,1,1,5.41,{}
fastdllm,14,4,10,1,1,1,5.31,{}
fastdllm,14,6,15,1,1,1,5.22,{}
fastdllm,14,8,20,1,1,1,5.12,{}
fastdllm,14,12,31,1,1,1,4.91,{}
fastdllm,14,14,36,1,1,1,4.82,{}
fastdllm,14,16,41,1,1,1,4.72,{}
fastdllm,14,18,46,1,1,1,4.63,{}
fastdllm,14,22,56,1,1,1,4.36,{}
fastdllm,14,24,61,1,1,1,4.26,{}
fastdllm,14,26,67,1,1,1,4.15,{}
fastdllm,14,28,72,1,1,1,4.06,{}
fastdllm,14,32,82,1,1,1,3.78,{}
fastdllm,14,34,87,1,1,1,3.69,{}
fastdllm,14,36,92,1,1,1,3.59,{}
fastdllm,14,38,97,1,1,1,3.5,{}
fastdllm,14,42,108,1,1,1,3.29,{}
fastdllm,14,44,113,1,1,1,3.2,{}
fastdllm,14,46,118,1,1,1,3.1,{}
fastdllm,14,48,123,1,1,1,3.01,{}
fastdllm,14,52,133,1,1,1,2.74,{}
fastdllm,14,54,138,1,1,1,2.64,{}
fastdllm,14,56,143,1,1,1,2.55,{}
fastdllm,14,58,148,1,1,1,2.45,{}
fastdllm,14,62,159,1,1,1,2.25,{}
fastdllm,14,64,164,1,1,1,2.07,{}
fastdllm,14,66,169,1,1,1,1.89,{}
fastdllm,14,68,174,1,1,1,1.8,{}
fastdllm,14,72,184,1,1,1,1.61,{}
fastdllm,14,74,189,1,1,1,1.51,{}
fastdllm,14,76,195,1,1,1,1.4,{}
fastdllm,14,78,200,1,1,1,1.31,{}
fastdllm,14,82,210,1,1,1,1.12,{}
fastdllm,14,84,215,1,1,1,1.02,{}
fastdllm,14,86,220,1,1,1,0.93,{}
fastdllm,14,88,225,1,1,1,0.83,{}
fastdllm,17,2,5,1,1,1,5.41,{}
fastdllm,17,4,10,1,1,1,5.32,{}
fastdllm,17,6,15,1,1,1,5.22,{}
fastdllm,17,8,20,1,1,1,5.13,{}
fastdllm,17,12,31,1,1,1,4.92,{}
fastdllm,17,14,36,1,1,1,4.74,{}
fastdllm,17,16,41,1,1,1,4.65,{}
fastdllm,17,18,46,1,1,1,4.55,{}
fastdllm,17,22,56,1,1,1,4.36,{}
fastdllm,17,24,61,1,1,1,4.27,{}
fastdllm,17,26,67,1,1,1,4.16,{}
fastdllm,17,28,72,1,1,1,4.06,{}
fastdllm,17,32,82,1,1,1,3.87,{}
fastdllm,17,34,87,1,1,1,3.7,{}
fastdllm,17,36,92,1,1,1,3.6,{}
fastdllm,17,38,97,1,1,1,3.51,{}
fastdllm,17,42,108,1,1,1,3.3,{}
fastdllm,17,44,113,1,1,1,3.21,{}
fastdllm,17,46,118,1,1,1,3.11,{}
fastdllm,17,48,123,1,1,1,3.02,{}
fastdllm,17,52,133,1,1,1,2.66,{}
fastdllm,17,54,138,1,1,1,2.57,{}
fastdllm,17,56,143,1,1,1,2.47,{}
fastdllm,17,58,148,1,1,1,2.38,{}
fastdllm,17,62,159,1,1,1,2.17,{}
fastdllm,17,64,164,1,1,1,2.07,{}
fastdllm,17,66,169,1,1,1,1.98,{}
fastdllm,17,68,174,1,1,1,1.88,{}
fastdllm,17,72,184,1,1,1,1.61,{}
fastdllm,17,74,189,1,1,1,1.52,{}
fastdllm,17,76,195,1,1,1,1.4,{}
fastdllm,17,78,200,1,1,1,1.31,{}
fastdllm,17,82,210,1,1,1,1.12,{}
fastdllm,17,84,215,1,1,1,1.03,{}
fastdllm,17,86,220,1,1,1,0.93,{}
fastdllm,17,88,225,1,1,1,0.84,{}
fastdllm,18,2,5,1,1,1,5.4,{}
fastdllm,18,4,10,1,1,1,5.31,{}
fastdllm,18,6,15,1,1,1,5.22,{}
fastdllm,18,8,20,1,1,1,5.12,{}
fastdllm,18,12,31,1,1,1,4.91,{}
fastdllm,18,14,36,1,1,1,4.73,{}
fastdllm,18,16,41,1,1,1,4.64,{}
fastdllm,18,18,46,1,1,1,4.54,{}
fastdllm,18,22,56,1,1,1,4.35,{}
fastdllm,18,24,61,1,1,1,4.26,{}
fastdllm,18,26,67,1,1,1,4.15,{}
fastdllm,18,28,72,1,1,1,4.05,{}
fastdllm,18,32,82,1,1,1,3.78,{}
fastdllm,18,34,87,1,1,1,3.69,{}
fastdllm,18,36,92,1,1,1,3.59,{}
fastdllm,18,38,97,1,1,1,3.5,{}
fastdllm,18,42,108,1,1,1,3.29,{}
fastdllm,18,44,113,1,1,1,3.2,{}
fastdllm,18,46,118,1,1,1,3.02,{}
fastdllm,18,48,123,1,1,1,2.93,{}
fastdllm,18,52,133,1,1,1,2.74,{}
fastdllm,18,54,138,1,1,1,2.64,{}
fastdllm,18,56,143,1,1,1,2.55,{}
fastdllm,18,58,148,1,1,1,2.45,{}
fastdllm,18,62,159,1,1,1,2.24,{}
fastdllm,18,64,164,1,1,1,2.15,{}
fastdllm,18,66,169,1,1,1,2.06,{}
fastdllm,18,68,174,1,1,1,1.96,{}
fastdllm,18,72,184,1,1,1,1.77,{}
fastdllm,18,74,189,1,1,1,1.6,{}
fastdllm,18,76,195,1,1,1,1.48,{}
fastdllm,18,78,200,1,1,1,1.39,{}
fastdllm,18,82,210,1,1,1,1.2,{}
fastdllm,18,84,215,1,1,1,1.1,{}
fastdllm,18,86,220,1,1,1,1.01,{}
fastdllm,18,88,225,1,1,1,0.92,{}
fastdllm,19,2,5,1,1,1,5.46,{}
fastdllm,19,4,10,1,1,1,5.36,{}
fastdllm,19,6,15,1,1,1,5.27,{}
fastdllm,19,8,20,1,1,1,5.18,{}
fastdllm,19,12,31,1,1,1,4.97,{}
fastdllm,19,14,36,1,1,1,4.79,{}
fastdllm,19,16,41,1,1,1,4.69,{}
fastdllm,19,18,46,1,1,1,4.6,{}
fastdllm,19,22,56,1,1,1,4.41,{}
fastdllm,19,24,61,1,1,1,4.31,{}
fastdllm,19,26,67,1,1,1,4.11,{}
fastdllm,19,28,72,1,1,1,4.01,{}
fastdllm,19,32,82,1,1,1,3.82,{}
fastdllm,19,34,87,1,1,1,3.73,{}
fastdllm,19,36,92,1,1,1,3.64,{}
fastdllm,19,38,97,1,1,1,3.45,{}
fastdllm,19,42,108,1,1,1,3.24,{}
fastdllm,19,44,113,1,1,1,3.15,{}
fastdllm,19,46,118,1,1,1,3.05,{}
fastdllm,19,48,123,1,1,1,2.96,{}
fastdllm,19,52,133,1,1,1,2.68,{}
fastdllm,19,54,138,1,1,1,2.59,{}
fastdllm,19,56,143,1,1,1,2.49,{}
fastdllm,19,58,148,1,1,1,2.4,{}
fastdllm,19,62,159,1,1,1,2.19,{}
fastdllm,19,64,164,1,1,1,2.1,{}
fastdllm,19,66,169,1,1,1,2.0,{}
fastdllm,19,68,174,1,1,1,1.91,{}
fastdllm,19,72,184,1,1,1,1.63,{}
fastdllm,19,74,189,1,1,1,1.53,{}
fastdllm,19,76,195,1,1,1,1.42,{}
fastdllm,19,78,200,1,1,1,1.32,{}
fastdllm,19,82,210,1,1,1,1.13,{}
fastdllm,19,84,215,1,1,1,1.04,{}
fastdllm,19,86,220,1,1,1,0.95,{}
fastdllm,19,88,225,1,1,1,0.85,{}
fastdllm,22,2,5,1,1,1,5.74,{}
fastdllm,22,4,10,1,1,1,5.65,{}
fastdllm,22,6,15,1,1,1,5.55,{}
fastdllm,22,8,20,1,1,1,5.45,{}
fastdllm,22,12,31,1,1,1,5.24,{}
fastdllm,22,14,36,1,1,1,5.15,{}
fastdllm,22,16,41,1,1,1,5.06,{}
fastdllm,22,18,46,1,1,1,4.83,{}
fastdllm,22,22,56,1,1,1,4.65,{}
fastdllm,22,24,61,1,1,1,4.55,{}
fastdllm,22,26,67,1,1,1,4.32,{}
fastdllm,22,28,72,1,1,1,4.22,{}
fastdllm,22,32,82,1,1,1,4.03,{}
fastdllm,22,34,87,1,1,1,3.94,{}
fastdllm,22,36,92,1,1,1,3.84,{}
fastdllm,22,38,97,1,1,1,3.63,{}
fastdllm,22,42,108,1,1,1,3.42,{}
fastdllm,22,44,113,1,1,1,3.32,{}
fastdllm,22,46,118,1,1,1,3.23,{}
fastdllm,22,48,123,1,1,1,3.13,{}
fastdllm,22,52,133,1,1,1,2.94,{}
fastdllm,22,54,138,1,1,1,2.85,{}
fastdllm,22,56,143,1,1,1,2.75,{}
fastdllm,22,58,148,1,1,1,2.65,{}
fastdllm,22,62,159,1,1,1,2.45,{}
fastdllm,22,64,164,1,1,1,2.35,{}
fastdllm,22,66,169,1,1,1,2.25,{}
fastdllm,22,68,174,1,1,1,2.16,{}
fastdllm,22,72,184,1,1,1,1.85,{}
fastdllm,22,74,189,1,1,1,1.75,{}
fastdllm,22,76,195,1,1,1,1.63,{}
fastdllm,22,78,200,1,1,1,1.54,{}
fastdllm,22,82,210,1,1,1,1.23,{}
fastdllm,22,84,215,1,1,1,1.14,{}
fastdllm,22,86,220,1,1,1,1.04,{}
fastdllm,22,88,225,1,1,1,0.95,{}
fastdllm,23,2,5,1,1,1,5.47,{}
fastdllm,23,4,10,1,1,1,5.38,{}
fastdllm,23,6,15,1,1,1,5.28,{}
fastdllm,23,8,20,1,1,1,5.18,{}
fastdllm,23,12,31,1,1,1,4.98,{}
fastdllm,23,14,36,1,1,1,4.79,{}
fastdllm,23,16,41,1,1,1,4.7,{}
fastdllm,23,18,46,1,1,1,4.6,{}
fastdllm,23,22,56,1,1,1,4.41,{}
fastdllm,23,24,61,1,1,1,4.31,{}
fastdllm,23,26,67,1,1,1,4.2,{}
fastdllm,23,28,72,1,1,1,4.11,{}
fastdllm,23,32,82,1,1,1,3.92,{}
fastdllm,23,34,87,1,1,1,3.82,{}
fastdllm,23,36,92,1,1,1,3.73,{}
fastdllm,23,38,97,1,1,1,3.63,{}
fastdllm,23,42,108,1,1,1,3.42,{}
fastdllm,23,44,113,1,1,1,3.33,{}
fastdllm,23,46,118,1,1,1,3.24,{}
fastdllm,23,48,123,1,1,1,3.14,{}
fastdllm,23,52,133,1,1,1,2.95,{}
fastdllm,23,54,138,1,1,1,2.86,{}
fastdllm,23,56,143,1,1,1,2.76,{}
fastdllm,23,58,148,1,1,1,2.67,{}
fastdllm,23,62,159,1,1,1,2.37,{}
fastdllm,23,64,164,1,1,1,2.1,{}
fastdllm,23,66,169,1,1,1,2.0,{}
fastdllm,23,68,174,1,1,1,1.91,{}
fastdllm,23,72,184,1,1,1,1.72,{}
fastdllm,23,74,189,1,1,1,1.62,{}
fastdllm,23,76,195,1,1,1,1.51,{}
fastdllm,23,78,200,1,1,1,1.42,{}
fastdllm,23,82,210,1,1,1,1.23,{}
fastdllm,23,84,215,1,1,1,1.13,{}
fastdllm,23,86,220,1,1,1,1.04,{}
fastdllm,23,88,225,1,1,1,0.94,{}
fastdllm,24,2,5,1,1,1,5.62,{}
fastdllm,24,4,10,1,1,1,5.53,{}
fastdllm,24,6,15,1,1,1,5.43,{}
fastdllm,24,8,20,1,1,1,5.34,{}
fastdllm,24,12,31,1,1,1,5.13,{}
fastdllm,24,14,36,1,1,1,4.93,{}
fastdllm,24,16,41,1,1,1,4.83,{}
fastdllm,24,18,46,1,1,1,4.74,{}
fastdllm,24,22,56,1,1,1,4.55,{}
fastdllm,24,24,61,1,1,1,4.45,{}
fastdllm,24,26,67,1,1,1,4.34,{}
fastdllm,24,28,72,1,1,1,4.14,{}
fastdllm,24,32,82,1,1,1,3.95,{}
fastdllm,24,34,87,1,1,1,3.85,{}
fastdllm,24,36,92,1,1,1,3.76,{}
fastdllm,24,38,97,1,1,1,3.56,{}
fastdllm,24,42,108,1,1,1,3.35,{}
fastdllm,24,44,113,1,1,1,3.25,{}
fastdllm,24,46,118,1,1,1,3.16,{}
fastdllm,24,48,123,1,1,1,3.06,{}
fastdllm,24,52,133,1,1,1,2.77,{}
fastdllm,24,54,138,1,1,1,2.67,{}
fastdllm,24,56,143,1,1,1,2.58,{}
fastdllm,24,58,148,1,1,1,2.48,{}
fastdllm,24,62,159,1,1,1,2.27,{}
fastdllm,24,64,164,1,1,1,2.07,{}
fastdllm,24,66,169,1,1,1,1.97,{}
fastdllm,24,68,174,1,1,1,1.88,{}
fastdllm,24,72,184,1,1,1,1.69,{}
fastdllm,24,74,189,1,1,1,1.59,{}
fastdllm,24,76,195,1,1,1,1.37,{}
fastdllm,24,78,200,1,1,1,1.28,{}
fastdllm,24,82,210,1,1,1,1.09,{}
fastdllm,24,84,215,1,1,1,0.99,{}
fastdllm,24,86,220,1,1,1,0.9,{}
fastdllm,24,88,225,1,1,1,0.8,{}
fastdllm,25,2,5,1,1,1,5.62,{}
fastdllm,25,4,10,1,1,1,5.52,{}
fastdllm,25,6,15,1,1,1,5.43,{}
fastdllm,25,8,20,1,1,1,5.34,{}
fastdllm,25,12,31,1,1,1,5.13,{}
fastdllm,25,14,36,1,1,1,5.03,{}
fastdllm,25,16,41,1,1,1,4.94,{}
fastdllm,25,18,46,1,1,1,4.85,{}
fastdllm,25,22,56,1,1,1,4.65,{}
fastdllm,25,24,61,1,1,1,4.56,{}
fastdllm,25,26,67,1,1,1,4.44,{}
fastdllm,25,28,72,1,1,1,4.35,{}
fastdllm,25,32,82,1,1,1,4.16,{}
fastdllm,25,34,87,1,1,1,4.06,{}
fastdllm,25,36,92,1,1,1,3.97,{}
fastdllm,25,38,97,1,1,1,3.55,{}
fastdllm,25,42,108,1,1,1,3.35,{}
fastdllm,25,44,113,1,1,1,3.25,{}
fastdllm,25,46,118,1,1,1,3.15,{}
fastdllm,25,48,123,1,1,1,3.06,{}
fastdllm,25,52,133,1,1,1,2.87,{}
fastdllm,25,54,138,1,1,1,2.77,{}
fastdllm,25,56,143,1,1,1,2.57,{}
fastdllm,25,58,148,1,1,1,2.48,{}
fastdllm,25,62,159,1,1,1,2.27,{}
fastdllm,25,64,164,1,1,1,2.07,{}
fastdllm,25,66,169,1,1,1,1.97,{}
fastdllm,25,68,174,1,1,1,1.88,{}
fastdllm,25,72,184,1,1,1,1.69,{}
fastdllm,25,74,189,1,1,1,1.59,{}
fastdllm,25,76,195,1,1,1,1.48,{}
fastdllm,25,78,200,1,1,1,1.38,{}
fastdllm,25,82,210,1,1,1,1.19,{}
fastdllm,25,84,215,1,1,1,1.1,{}
fastdllm,25,86,220,1,1,1,1.0,{}
fastdllm,25,88,225,1,1,1,0.91,{}
fastdllm,26,2,5,0,1,0,5.48,{}
fastdllm,26,4,10,0,1,0,5.38,{}
fastdllm,26,6,15,0,1,0,5.28,{}
fastdllm,26,8,20,0,1,0,5.19,{}
fastdllm,26,12,31,0,1,0,4.98,{}
fastdllm,26,14,36,0,1,0,4.89,{}
fastdllm,26,16,41,0,1,0,4.79,{}
fastdllm,26,18,46,0,1,0,4.7,{}
fastdllm,26,22,56,0,1,0,4.51,{}
fastdllm,26,24,61,0,1,0,4.42,{}
fastdllm,26,26,67,0,1,0,4.3,{}
fastdllm,26,28,72,0,1,0,4.21,{}
fastdllm,26,32,82,0,1,0,4.02,{}
fastdllm,26,34,87,0,1,0,3.92,{}
fastdllm,26,36,92,0,1,0,3.83,{}
fastdllm,26,38,97,0,1,0,3.73,{}
fastdllm,26,42,108,0,1,0,3.52,{}
fastdllm,26,44,113,0,1,0,3.43,{}
fastdllm,26,46,118,0,1,0,3.33,{}
fastdllm,26,48,123,0,1,0,3.24,{}
fastdllm,26,52,133,0,1,0,2.96,{}
fastdllm,26,54,138,0,1,0,2.86,{}
fastdllm,26,56,143,0,1,0,2.77,{}
fastdllm,26,58,148,0,1,0,2.49,{}
fastdllm,26,62,159,0,1,0,2.2,{}
fastdllm,26,64,164,1,1,1,2.01,{}
fastdllm,26,66,169,1,1,1,1.92,{}
fastdllm,26,68,174,1,1,1,1.82,{}
fastdllm,26,72,184,1,1,1,1.63,{}
fastdllm,26,74,189,1,1,1,1.54,{}
fastdllm,26,76,195,1,1,1,1.42,{}
fastdllm,26,78,200,1,1,1,1.33,{}
fastdllm,26,82,210,1,1,1,1.14,{}
fastdllm,26,84,215,1,1,1,1.04,{}
fastdllm,26,86,220,1,1,1,0.95,{}
fastdllm,26,88,225,1,1,1,0.86,{}
fastdllm,27,2,5,1,1,1,5.4,{}
fastdllm,27,4,10,1,1,1,5.3,{}
fastdllm,27,6,15,1,1,1,5.21,{}
fastdllm,27,8,20,1,1,1,5.11,{}
fastdllm,27,12,31,1,1,1,4.91,{}
fastdllm,27,14,36,1,1,1,4.82,{}
fastdllm,27,16,41,1,1,1,4.72,{}
fastdllm,27,18,46,1,1,1,4.63,{}
fastdllm,27,22,56,1,1,1,4.44,{}
fastdllm,27,24,61,1,1,1,4.34,{}
fastdllm,27,26,67,1,1,1,4.23,{}
fastdllm,27,28,72,1,1,1,4.14,{}
fastdllm,27,32,82,1,1,1,3.95,{}
fastdllm,27,34,87,1,1,1,3.85,{}
fastdllm,27,36,92,1,1,1,3.68,{}
fastdllm,27,38,97,1,1,1,3.58,{}
fastdllm,27,42,108,1,1,1,3.37,{}
fastdllm,27,44,113,1,1,1,3.28,{}
fastdllm,27,46,118,1,1,1,3.1,{}
fastdllm,27,48,123,1,1,1,2.92,{}
fastdllm,27,52,133,1,1,1,2.65,{}
fastdllm,27,54,138,1,1,1,2.56,{}
fastdllm,27,56,143,1,1,1,2.46,{}
fastdllm,27,58,148,1,1,1,2.37,{}
fastdllm,27,62,159,1,1,1,2.16,{}
fastdllm,27,64,164,1,1,1,1.99,{}
fastdllm,27,66,169,1,1,1,1.89,{}
fastdllm,27,68,174,1,1,1,1.8,{}
fastdllm,27,72,184,1,1,1,1.61,{}
fastdllm,27,74,189,1,1,1,1.51,{}
fastdllm,27,76,195,1,1,1,1.4,{}
fastdllm,27,78,200,1,1,1,1.31,{}
fastdllm,27,82,210,1,1,1,1.12,{}
fastdllm,27,84,215,1,1,1,1.02,{}
fastdllm,27,86,220,1,1,1,0.84,{}
fastdllm,27,88,225,1,1,1,0.75,{}
fastdllm,29,2,5,1,1,1,5.45,{}
fastdllm,29,4,10,1,1,1,5.36,{}
fastdllm,29,6,15,1,1,1,5.26,{}
fastdllm,29,8,20,1,1,1,5.17,{}
fastdllm,29,12,31,1,1,1,4.96,{}
fastdllm,29,14,36,1,1,1,4.87,{}
fastdllm,29,16,41,1,1,1,4.77,{}
fastdllm,29,18,46,1,1,1,4.68,{}
fastdllm,29,22,56,1,1,1,4.49,{}
fastdllm,29,24,61,1,1,1,4.39,{}
fastdllm,29,26,67,1,1,1,4.28,{}
fastdllm,29,28,72,1,1,1,4.18,{}
fastdllm,29,32,82,1,1,1,3.91,{}
fastdllm,29,34,87,1,1,1,3.73,{}
fastdllm,29,36,92,0,1,0,3.63,{}
fastdllm,29,38,97,0,1,0,3.54,{}
fastdllm,29,42,108,0,1,0,3.33,{}
fastdllm,29,44,113,0,1,0,3.24,{}
fastdllm,29,46,118,0,1,0,3.14,{}
fastdllm,29,48,123,1,1,1,3.04,{}
fastdllm,29,52,133,1,1,1,2.68,{}
fastdllm,29,54,138,1,1,1,2.59,{}
fastdllm,29,56,143,1,1,1,2.49,{}
fastdllm,29,58,148,1,1,1,2.39,{}
fastdllm,29,62,159,1,1,1,2.19,{}
fastdllm,29,64,164,1,1,1,2.09,{}
fastdllm,29,66,169,1,1,1,2.0,{}
fastdllm,29,68,174,1,1,1,1.9,{}
fastdllm,29,72,184,1,1,1,1.63,{}
fastdllm,29,74,189,1,1,1,1.53,{}
fastdllm,29,76,195,1,1,1,1.42,{}
fastdllm,29,78,200,1,1,1,1.32,{}
fastdllm,29,82,210,1,1,1,1.05,{}
fastdllm,29,84,215,1,1,1,0.95,{}
fastdllm,29,86,220,1,1,1,0.86,{}
fastdllm,29,88,225,1,1,1,0.67,{}
fastdllm,30,2,5,1,1,1,5.46,{}
fastdllm,30,4,10,1,1,1,5.36,{}
fastdllm,30,6,15,1,1,1,5.27,{}
fastdllm,30,8,20,1,1,1,5.18,{}
fastdllm,30,12,31,1,1,1,4.97,{}
fastdllm,30,14,36,1,1,1,4.78,{}
fastdllm,30,16,41,1,1,1,4.69,{}
fastdllm,30,18,46,1,1,1,4.59,{}
fastdllm,30,22,56,1,1,1,4.41,{}
fastdllm,30,24,61,1,1,1,4.31,{}
fastdllm,30,26,67,1,1,1,4.2,{}
fastdllm,30,28,72,1,1,1,4.1,{}
fastdllm,30,32,82,1,1,1,3.91,{}
fastdllm,30,34,87,1,1,1,3.82,{}
fastdllm,30,36,92,1,1,1,3.72,{}
fastdllm,30,38,97,1,1,1,3.54,{}
fastdllm,30,42,108,1,1,1,3.33,{}
fastdllm,30,44,113,1,1,1,3.23,{}
fastdllm,30,46,118,1,1,1,3.14,{}
fastdllm,30,48,123,1,1,1,3.04,{}
fastdllm,30,52,133,1,1,1,2.68,{}
fastdllm,30,54,138,1,1,1,2.59,{}
fastdllm,30,56,143,1,1,1,2.49,{}
fastdllm,30,58,148,1,1,1,2.4,{}
fastdllm,30,62,159,1,1,1,2.19,{}
fastdllm,30,64,164,1,1,1,2.09,{}
fastdllm,30,66,169,1,1,1,2.0,{}
fastdllm,30,68,174,1,1,1,1.9,{}
fastdllm,30,72,184,1,1,1,1.71,{}
fastdllm,30,74,189,1,1,1,1.62,{}
fastdllm,30,76,195,1,1,1,1.51,{}
fastdllm,30,78,200,1,1,1,1.41,{}
fastdllm,30,82,210,1,1,1,1.05,{}
fastdllm,30,84,215,1,1,1,0.95,{}
fastdllm,30,86,220,1,1,1,0.86,{}
fastdllm,30,88,225,1,1,1,0.76,{}
fastdllm,31,2,5,1,1,1,5.63,{}
fastdllm,31,4,10,1,1,1,5.54,{}
fastdllm,31,6,15,1,1,1,5.44,{}
fastdllm,31,8,20,1,1,1,5.35,{}
fastdllm,31,12,31,1,1,1,5.14,{}
fastdllm,31,14,36,1,1,1,5.04,{}
fastdllm,31,16,41,1,1,1,4.84,{}
fastdllm,31,18,46,1,1,1,4.74,{}
fastdllm,31,22,56,1,1,1,4.55,{}
fastdllm,31,24,61,1,1,1,4.46,{}
fastdllm,31,26,67,1,1,1,4.24,{}
fastdllm,31,28,72,1,1,1,4.14,{}
fastdllm,31,32,82,1,1,1,3.95,{}
fastdllm,31,34,87,1,1,1,3.86,{}
fastdllm,31,36,92,1,1,1,3.76,{}
fastdllm,31,38,97,1,1,1,3.66,{}
fastdllm,31,42,108,1,1,1,3.35,{}
fastdllm,31,44,113,1,1,1,3.26,{}
fastdllm,31,46,118,1,1,1,3.16,{}
fastdllm,31,48,123,1,1,1,3.07,{}
fastdllm,31,52,133,1,1,1,2.77,{}
fastdllm,31,54,138,1,1,1,2.67,{}
fastdllm,31,56,143,1,1,1,2.58,{}
fastdllm,31,58,148,1,1,1,2.48,{}
fastdllm,31,62,159,1,1,1,2.27,{}
fastdllm,31,64,164,1,1,1,2.18,{}
fastdllm,31,66,169,1,1,1,1.98,{}
fastdllm,31,68,174,1,1,1,1.88,{}
fastdllm,31,72,184,1,1,1,1.69,{}
fastdllm,31,74,189,1,1,1,1.6,{}
fastdllm,31,76,195,1,1,1,1.37,{}
fastdllm,31,78,200,1,1,1,1.28,{}
fastdllm,31,82,210,1,1,1,1.09,{}
fastdllm,31,84,215,1,1,1,0.99,{}
fastdllm,31,86,220,1,1,1,0.9,{}
fastdllm,31,88,225,1,1,1,0.8,{}
fastdllm,33,2,5,0,0,1,5.41,{}
fastdllm,33,4,10,0,0,1,5.32,{}
fastdllm,33,6,15,0,0,1,5.22,{}
fastdllm,33,8,20,0,0,1,5.13,{}
fastdllm,33,12,31,0,0,1,4.92,{}
fastdllm,33,14,36,0,0,1,4.74,{}
fastdllm,33,16,41,0,0,1,4.65,{}
fastdllm,33,18,46,1,1,1,4.55,{}
fastdllm,33,22,56,1,1,1,4.36,{}
fastdllm,33,24,61,0,0,1,4.27,{}
fastdllm,33,26,67,0,0,1,4.07,{}
fastdllm,33,28,72,0,0,1,3.98,{}
fastdllm,33,32,82,0,0,1,3.79,{}
fastdllm,33,34,87,0,0,1,3.7,{}
fastdllm,33,36,92,0,0,1,3.6,{}
fastdllm,33,38,97,0,0,1,3.51,{}
fastdllm,33,42,108,0,0,1,3.21,{}
fastdllm,33,44,113,1,1,1,3.12,{}
fastdllm,33,46,118,0,0,1,3.02,{}
fastdllm,33,48,123,1,1,1,2.93,{}
fastdllm,33,52,133,1,1,1,2.66,{}
fastdllm,33,54,138,1,1,1,2.56,{}
fastdllm,33,56,143,1,1,1,2.47,{}
fastdllm,33,58,148,1,1,1,2.37,{}
fastdllm,33,62,159,1,1,1,2.17,{}
fastdllm,33,64,164,1,1,1,1.99,{}
fastdllm,33,66,169,1,1,1,1.89,{}
fastdllm,33,68,174,1,1,1,1.8,{}
fastdllm,33,72,184,1,1,1,1.61,{}
fastdllm,33,74,189,1,1,1,1.52,{}
fastdllm,33,76,195,1,1,1,1.4,{}
fastdllm,33,78,200,1,1,1,1.31,{}
fastdllm,33,82,210,1,1,1,1.12,{}
fastdllm,33,84,215,1,1,1,1.02,{}
fastdllm,33,86,220,1,1,1,0.93,{}
fastdllm,33,88,225,1,1,1,0.84,{}
fastdllm,34,2,5,1,1,1,5.61,{}
fastdllm,34,4,10,1,1,1,5.51,{}
fastdllm,34,6,15,1,1,1,5.42,{}
fastdllm,34,8,20,1,1,1,5.32,{}
fastdllm,34,12,31,1,1,1,5.11,{}
fastdllm,34,14,36,1,1,1,4.91,{}
fastdllm,34,16,41,1,1,1,4.82,{}
fastdllm,34,18,46,1,1,1,4.72,{}
fastdllm,34,22,56,1,1,1,4.53,{}
fastdllm,34,24,61,1,1,1,4.43,{}
fastdllm,34,26,67,1,1,1,4.22,{}
fastdllm,34,28,72,1,1,1,4.13,{}
fastdllm,34,32,82,1,1,1,3.93,{}
fastdllm,34,34,87,1,1,1,3.84,{}
fastdllm,34,36,92,1,1,1,3.75,{}
fastdllm,34,38,97,1,1,1,3.54,{}
fastdllm,34,42,108,1,1,1,3.34,{}
fastdllm,34,44,113,1,1,1,3.24,{}
fastdllm,34,46,118,1,1,1,3.15,{}
fastdllm,34,48,123,1,1,1,3.05,{}
fastdllm,34,52,133,1,1,1,2.86,{}
fastdllm,34,54,138,1,1,1,2.76,{}
fastdllm,34,56,143,1,1,1,2.57,{}
fastdllm,34,58,148,1,1,1,2.47,{}
fastdllm,34,62,159,1,1,1,2.26,{}
fastdllm,34,64,164,1,1,1,2.17,{}
fastdllm,34,66,169,1,1,1,2.07,{}
fastdllm,34,68,174,1,1,1,1.98,{}
fastdllm,34,72,184,1,1,1,1.79,{}
fastdllm,34,74,189,1,1,1,1.69,{}
fastdllm,34,76,195,1,1,1,1.58,{}
fastdllm,34,78,200,1,1,1,1.48,{}
fastdllm,34,82,210,1,1,1,1.29,{}
fastdllm,34,84,215,1,1,1,1.2,{}
fastdllm,34,86,220,1,1,1,1.1,{}
fastdllm,34,88,225,1,1,1,1.01,{}
fastdllm,36,2,5,1,1,1,5.46,{}
fastdllm,36,4,10,1,1,1,5.36,{}
fastdllm,36,6,15,1,1,1,5.27,{}
fastdllm,36,8,20,1,1,1,5.17,{}
fastdllm,36,12,31,1,1,1,4.96,{}
fastdllm,36,14,36,1,1,1,4.87,{}
fastdllm,36,16,41,1,1,1,4.69,{}
fastdllm,36,18,46,1,1,1,4.59,{}
fastdllm,36,22,56,1,1,1,4.4,{}
fastdllm,36,24,61,1,1,1,4.31,{}
fastdllm,36,26,67,1,1,1,4.19,{}
fastdllm,36,28,72,1,1,1,4.1,{}
fastdllm,36,32,82,1,1,1,3.91,{}
fastdllm,36,34,87,1,1,1,3.82,{}
fastdllm,36,36,92,1,1,1,3.72,{}
fastdllm,36,38,97,1,1,1,3.63,{}
fastdllm,36,42,108,1,1,1,3.42,{}
fastdllm,36,44,113,1,1,1,3.32,{}
fastdllm,36,46,118,1,1,1,3.23,{}
fastdllm,36,48,123,1,1,1,3.05,{}
fastdllm,36,52,133,1,1,1,2.68,{}
fastdllm,36,54,138,1,1,1,2.59,{}
fastdllm,36,56,143,1,1,1,2.49,{}
fastdllm,36,58,148,1,1,1,2.4,{}
fastdllm,36,62,159,1,1,1,2.19,{}
fastdllm,36,64,164,1,1,1,2.09,{}
fastdllm,36,66,169,1,1,1,2.0,{}
fastdllm,36,68,174,1,1,1,1.82,{}
fastdllm,36,72,184,1,1,1,1.62,{}
fastdllm,36,74,189,1,1,1,1.53,{}
fastdllm,36,76,195,1,1,1,1.42,{}
fastdllm,36,78,200,1,1,1,1.32,{}
fastdllm,36,82,210,1,1,1,1.13,{}
fastdllm,36,84,215,1,1,1,1.04,{}
fastdllm,36,86,220,1,1,1,0.94,{}
fastdllm,36,88,225,1,1,1,0.85,{}
fastdllm,38,2,5,1,1,1,5.4,{}
fastdllm,38,4,10,0,0,1,5.31,{}
fastdllm,38,6,15,0,0,1,5.21,{}
fastdllm,38,8,20,1,1,1,5.12,{}
fastdllm,38,12,31,1,1,1,4.91,{}
fastdllm,38,14,36,1,1,1,4.81,{}
fastdllm,38,16,41,1,1,1,4.64,{}
fastdllm,38,18,46,1,1,1,4.54,{}
fastdllm,38,22,56,1,1,1,4.36,{}
fastdllm,38,24,61,1,1,1,4.26,{}
fastdllm,38,26,67,1,1,1,4.07,{}
fastdllm,38,28,72,1,1,1,3.97,{}
fastdllm,38,32,82,1,1,1,3.78,{}
fastdllm,38,34,87,1,1,1,3.69,{}
fastdllm,38,36,92,1,1,1,3.6,{}
fastdllm,38,38,97,1,1,1,3.42,{}
fastdllm,38,42,108,1,1,1,3.21,{}
fastdllm,38,44,113,1,1,1,3.11,{}
fastdllm,38,46,118,1,1,1,3.02,{}
fastdllm,38,48,123,1,1,1,2.93,{}
fastdllm,38,52,133,1,1,1,2.74,{}
fastdllm,38,54,138,1,1,1,2.64,{}
fastdllm,38,56,143,1,1,1,2.55,{}
fastdllm,38,58,148,1,1,1,2.45,{}
fastdllm,38,62,159,1,1,1,2.16,{}
fastdllm,38,64,164,1,1,1,2.07,{}
fastdllm,38,66,169,1,1,1,1.97,{}
fastdllm,38,68,174,1,1,1,1.88,{}
fastdllm,38,72,184,1,1,1,1.69,{}
fastdllm,38,74,189,1,1,1,1.6,{}
fastdllm,38,76,195,1,1,1,1.48,{}
fastdllm,38,78,200,1,1,1,1.3,{}
fastdllm,38,82,210,1,1,1,1.12,{}
fastdllm,38,84,215,1,1,1,1.02,{}
fastdllm,38,86,220,1,1,1,0.93,{}
fastdllm,38,88,225,1,1,1,0.83,{}
fastdllm,40,2,5,1,1,1,5.62,{}
fastdllm,40,4,10,1,1,1,5.53,{}
fastdllm,40,6,15,1,1,1,5.43,{}
fastdllm,40,8,20,1,1,1,5.34,{}
fastdllm,40,12,31,1,1,1,5.12,{}
fastdllm,40,14,36,1,1,1,5.03,{}
fastdllm,40,16,41,1,1,1,4.93,{}
fastdllm,40,18,46,1,1,1,4.73,{}
fastdllm,40,22,56,1,1,1,4.54,{}
fastdllm,40,24,61,1,1,1,4.45,{}
fastdllm,40,26,67,1,1,1,4.33,{}
fastdllm,40,28,72,1,1,1,4.24,{}
fastdllm,40,32,82,1,1,1,4.05,{}
fastdllm,40,34,87,1,1,1,3.96,{}
fastdllm,40,36,92,1,1,1,3.76,{}
fastdllm,40,38,97,1,1,1,3.66,{}
fastdllm,40,42,108,1,1,1,3.35,{}
fastdllm,40,44,113,1,1,1,3.25,{}
fastdllm,40,46,118,1,1,1,3.16,{}
fastdllm,40,48,123,1,1,1,3.06,{}
fastdllm,40,52,133,1,1,1,2.87,{}
fastdllm,40,54,138,1,1,1,2.78,{}
fastdllm,40,56,143,1,1,1,2.68,{}
fastdllm,40,58,148,1,1,1,2.59,{}
fastdllm,40,62,159,1,1,1,2.37,{}
fastdllm,40,64,164,1,1,1,2.28,{}
fastdllm,40,66,169,1,1,1,2.18,{}
fastdllm,40,68,174,1,1,1,2.09,{}
fastdllm,40,72,184,1,1,1,1.9,{}
fastdllm,40,74,189,1,1,1,1.8,{}
fastdllm,40,76,195,1,1,1,1.69,{}
fastdllm,40,78,200,1,1,1,1.59,{}
fastdllm,40,82,210,1,1,1,1.4,{}
fastdllm,40,84,215,1,1,1,1.31,{}
fastdllm,40,86,220,1,1,1,1.21,{}
fastdllm,40,88,225,1,1,1,1.12,{}
fastdllm,41,2,5,1,1,1,5.63,{}
fastdllm,41,4,10,0,0,1,5.53,{}
fastdllm,41,6,15,1,1,1,5.44,{}
fastdllm,41,8,20,1,1,1,5.34,{}
fastdllm,41,12,31,1,1,1,5.13,{}
fastdllm,41,14,36,1,1,1,5.04,{}
fastdllm,41,16,41,1,1,1,4.83,{}
fastdllm,41,18,46,1,1,1,4.74,{}
fastdllm,41,22,56,1,1,1,4.55,{}
fastdllm,41,24,61,1,1,1,4.45,{}
fastdllm,41,26,67,1,1,1,4.34,{}
fastdllm,41,28,72,1,1,1,4.25,{}
fastdllm,41,32,82,1,1,1,4.06,{}
fastdllm,41,34,87,1,1,1,3.96,{}
fastdllm,41,36,92,1,1,1,3.76,{}
fastdllm,41,38,97,1,1,1,3.66,{}
fastdllm,41,42,108,1,1,1,3.45,{}
fastdllm,41,44,113,1,1,1,3.36,{}
fastdllm,41,46,118,1,1,1,3.27,{}
fastdllm,41,48,123,1,1,1,3.17,{}
fastdllm,41,52,133,1,1,1,2.98,{}
fastdllm,41,54,138,1,1,1,2.88,{}
fastdllm,41,56,143,1,1,1,2.79,{}
fastdllm,41,58,148,1,1,1,2.69,{}
fastdllm,41,62,159,1,1,1,2.48,{}
fastdllm,41,64,164,1,1,1,2.39,{}
fastdllm,41,66,169,1,1,1,2.29,{}
fastdllm,41,68,174,1,1,1,2.09,{}
fastdllm,41,72,184,1,1,1,1.9,{}
fastdllm,41,74,189,1,1,1,1.81,{}
fastdllm,41,76,195,1,1,1,1.69,{}
fastdllm,41,78,200,1,1,1,1.49,{}
fastdllm,41,82,210,1,1,1,1.3,{}
fastdllm,41,84,215,1,1,1,1.21,{}
fastdllm,41,86,220,1,1,1,1.11,{}
fastdllm,41,88,225,1,1,1,1.02,{}
fastdllm,42,2,5,1,1,1,5.41,{}
fastdllm,42,4,10,1,1,1,5.31,{}
fastdllm,42,6,15,1,1,1,5.22,{}
fastdllm,42,8,20,1,1,1,5.12,{}
fastdllm,42,12,31,1,1,1,4.92,{}
fastdllm,42,14,36,1,1,1,4.74,{}
fastdllm,42,16,41,1,1,1,4.65,{}
fastdllm,42,18,46,1,1,1,4.55,{}
fastdllm,42,22,56,1,1,1,4.36,{}
fastdllm,42,24,61,1,1,1,4.27,{}
fastdllm,42,26,67,1,1,1,4.07,{}
fastdllm,42,28,72,1,1,1,3.98,{}
fastdllm,42,32,82,1,1,1,3.79,{}
fastdllm,42,34,87,1,1,1,3.69,{}
fastdllm,42,36,92,1,1,1,3.6,{}
fastdllm,42,38,97,1,1,1,3.5,{}
fastdllm,42,42,108,1,1,1,3.3,{}
fastdllm,42,44,113,1,1,1,3.2,{}
fastdllm,42,46,118,1,1,1,3.02,{}
fastdllm,42,48,123,1,1,1,2.93,{}
fastdllm,42,52,133,1,1,1,2.74,{}
fastdllm,42,54,138,1,1,1,2.65,{}
fastdllm,42,56,143,1,1,1,2.55,{}
fastdllm,42,58,148,1,1,1,2.46,{}
fastdllm,42,62,159,1,1,1,2.25,{}
fastdllm,42,64,164,1,1,1,2.15,{}
fastdllm,42,66,169,1,1,1,2.06,{}
fastdllm,42,68,174,1,1,1,1.96,{}
fastdllm,42,72,184,1,1,1,1.61,{}
fastdllm,42,74,189,1,1,1,1.51,{}
fastdllm,42,76,195,1,1,1,1.32,{}
fastdllm,42,78,200,1,1,1,1.22,{}
fastdllm,42,82,210,1,1,1,1.03,{}
fastdllm,42,84,215,1,1,1,0.94,{}
fastdllm,42,86,220,1,1,1,0.84,{}
fastdllm,42,88,225,1,1,1,0.75,{}
fastdllm,45,2,5,0,0,1,5.62,{}
fastdllm,45,4,10,0,0,1,5.53,{}
fastdllm,45,6,15,0,0,1,5.44,{}
fastdllm,45,8,20,1,1,1,5.35,{}
fastdllm,45,12,31,1,1,1,5.14,{}
fastdllm,45,14,36,0,1,0,4.93,{}
fastdllm,45,16,41,1,1,1,4.84,{}
fastdllm,45,18,46,1,1,1,4.75,{}
fastdllm,45,22,56,1,1,1,4.55,{}
fastdllm,45,24,61,1,1,1,4.46,{}
fastdllm,45,26,67,1,1,1,4.24,{}
fastdllm,45,28,72,1,1,1,4.14,{}
fastdllm,45,32,82,1,1,1,3.95,{}
fastdllm,45,34,87,1,1,1,3.85,{}
fastdllm,45,36,92,1,1,1,3.76,{}
fastdllm,45,38,97,1,1,1,3.56,{}
fastdllm,45,42,108,1,1,1,3.35,{}
fastdllm,45,44,113,1,1,1,3.25,{}
fastdllm,45,46,118,1,1,1,3.16,{}
fastdllm,45,48,123,1,1,1,3.06,{}
fastdllm,45,52,133,1,1,1,2.77,{}
fastdllm,45,54,138,1,1,1,2.67,{}
fastdllm,45,56,143,1,1,1,2.57,{}
fastdllm,45,58,148,1,1,1,2.48,{}
fastdllm,45,62,159,1,1,1,2.27,{}
fastdllm,45,64,164,1,1,1,2.18,{}
fastdllm,45,66,169,1,1,1,2.08,{}
fastdllm,45,68,174,1,1,1,1.88,{}
fastdllm,45,72,184,1,1,1,1.69,{}
fastdllm,45,74,189,1,1,1,1.59,{}
fastdllm,45,76,195,1,1,1,1.48,{}
fastdllm,45,78,200,1,1,1,1.39,{}
fastdllm,45,82,210,1,1,1,1.09,{}
fastdllm,45,84,215,1,1,1,0.99,{}
fastdllm,45,86,220,1,1,1,0.9,{}
fastdllm,45,88,225,1,1,1,0.8,{}
fastdllm,48,2,5,1,1,1,5.42,{}
fastdllm,48,4,10,1,1,1,5.33,{}
fastdllm,48,6,15,1,1,1,5.23,{}
fastdllm,48,8,20,1,1,1,5.13,{}
fastdllm,48,12,31,1,1,1,4.93,{}
fastdllm,48,14,36,1,1,1,4.83,{}
fastdllm,48,16,41,1,1,1,4.74,{}
fastdllm,48,18,46,1,1,1,4.64,{}
fastdllm,48,22,56,1,1,1,4.37,{}
fastdllm,48,24,61,1,1,1,4.28,{}
fastdllm,48,26,67,1,1,1,4.08,{}
fastdllm,48,28,72,1,1,1,3.98,{}
fastdllm,48,32,82,1,1,1,3.79,{}
fastdllm,48,34,87,1,1,1,3.7,{}
fastdllm,48,36,92,1,1,1,3.6,{}
fastdllm,48,38,97,1,1,1,3.43,{}
fastdllm,48,42,108,1,1,1,3.22,{}
fastdllm,48,44,113,1,1,1,3.12,{}
fastdllm,48,46,118,1,1,1,3.03,{}
fastdllm,48,48,123,1,1,1,2.93,{}
fastdllm,48,52,133,1,1,1,2.75,{}
fastdllm,48,54,138,1,1,1,2.65,{}
fastdllm,48,56,143,1,1,1,2.56,{}
fastdllm,48,58,148,1,1,1,2.46,{}
fastdllm,48,62,159,1,1,1,2.17,{}
fastdllm,48,64,164,1,1,1,1.99,{}
fastdllm,48,66,169,1,1,1,1.9,{}
fastdllm,48,68,174,1,1,1,1.8,{}
fastdllm,48,72,184,1,1,1,1.61,{}
fastdllm,48,74,189,1,1,1,1.52,{}
fastdllm,48,76,195,1,1,1,1.32,{}
fastdllm,48,78,200,1,1,1,1.22,{}
fastdllm,48,82,210,1,1,1,1.04,{}
fastdllm,48,84,215,1,1,1,0.94,{}
fastdllm,48,86,220,1,1,1,0.85,{}
fastdllm,48,88,225,1,1,1,0.67,{}
fastdllm,49,2,5,1,1,1,5.47,{}
fastdllm,49,4,10,1,1,1,5.37,{}
fastdllm,49,6,15,1,1,1,5.27,{}
fastdllm,49,8,20,1,1,1,5.18,{}
fastdllm,49,12,31,1,1,1,4.96,{}
fastdllm,49,14,36,1,1,1,4.87,{}
fastdllm,49,16,41,1,1,1,4.78,{}
fastdllm,49,18,46,1,1,1,4.68,{}
fastdllm,49,22,56,1,1,1,4.5,{}
fastdllm,49,24,61,1,1,1,4.4,{}
fastdllm,49,26,67,1,1,1,4.29,{}
fastdllm,49,28,72,1,1,1,4.19,{}
fastdllm,49,32,82,1,1,1,3.91,{}
fastdllm,49,34,87,1,1,1,3.82,{}
fastdllm,49,36,92,1,1,1,3.72,{}
fastdllm,49,38,97,1,1,1,3.63,{}
fastdllm,49,42,108,1,1,1,3.24,{}
fastdllm,49,44,113,1,1,1,3.15,{}
fastdllm,49,46,118,1,1,1,3.05,{}
fastdllm,49,48,123,1,1,1,2.96,{}
fastdllm,49,52,133,1,1,1,2.68,{}
fastdllm,49,54,138,1,1,1,2.59,{}
fastdllm,49,56,143,1,1,1,2.5,{}
fastdllm,49,58,148,1,1,1,2.4,{}
fastdllm,49,62,159,1,1,1,2.19,{}
fastdllm,49,64,164,1,1,1,2.1,{}
fastdllm,49,66,169,1,1,1,1.91,{}
fastdllm,49,68,174,1,1,1,1.82,{}
fastdllm,49,72,184,1,1,1,1.63,{}
fastdllm,49,74,189,1,1,1,1.53,{}
fastdllm,49,76,195,1,1,1,1.42,{}
fastdllm,49,78,200,1,1,1,1.33,{}
fastdllm,49,82,210,1,1,1,1.05,{}
fastdllm,49,84,215,1,1,1,0.95,{}
fastdllm,49,86,220,1,1,1,0.86,{}
fastdllm,49,88,225,1,1,1,0.77,{}
fastdllm,50,2,5,1,1,1,5.48,{}
fastdllm,50,4,10,1,1,1,5.39,{}
fastdllm,50,6,15,1,1,1,5.29,{}
fastdllm,50,8,20,1,1,1,5.19,{}
fastdllm,50,12,31,1,1,1,4.99,{}
fastdllm,50,14,36,1,1,1,4.8,{}
fastdllm,50,16,41,1,1,1,4.7,{}
fastdllm,50,18,46,1,1,1,4.61,{}
fastdllm,50,22,56,1,1,1,4.42,{}
fastdllm,50,24,61,1,1,1,4.32,{}
fastdllm,50,26,67,1,1,1,4.21,{}
fastdllm,50,28,72,1,1,1,4.11,{}
fastdllm,50,32,82,1,1,1,3.92,{}
fastdllm,50,34,87,1,1,1,3.74,{}
fastdllm,50,36,92,1,1,1,3.65,{}
fastdllm,50,38,97,1,1,1,3.46,{}
fastdllm,50,42,108,1,1,1,3.25,{}
fastdllm,50,44,113,1,1,1,3.16,{}
fastdllm,50,46,118,1,1,1,3.06,{}
fastdllm,50,48,123,1,1,1,2.97,{}
fastdllm,50,52,133,1,1,1,2.69,{}
fastdllm,50,54,138,1,1,1,2.6,{}
fastdllm,50,56,143,1,1,1,2.5,{}
fastdllm,50,58,148,1,1,1,2.4,{}
fastdllm,50,62,159,1,1,1,2.2,{}
fastdllm,50,64,164,1,1,1,2.1,{}
fastdllm,50,66,169,1,1,1,1.92,{}
fastdllm,50,68,174,1,1,1,1.83,{}
fastdllm,50,72,184,1,1,1,1.63,{}
fastdllm,50,74,189,1,1,1,1.54,{}
fastdllm,50,76,195,1,1,1,1.33,{}
fastdllm,50,78,200,1,1,1,1.24,{}
fastdllm,50,82,210,1,1,1,1.05,{}
fastdllm,50,84,215,1,1,1,0.96,{}
fastdllm,50,86,220,1,1,1,0.86,{}
fastdllm,50,88,225,1,1,1,0.68,{}
fastdllm,51,2,5,0,1,0,5.41,{}
fastdllm,51,4,10,0,1,0,5.31,{}
fastdllm,51,6,15,0,1,0,5.23,{}
fastdllm,51,8,20,0,1,0,5.13,{}
fastdllm,51,12,31,0,1,0,4.92,{}
fastdllm,51,14,36,0,1,0,4.74,{}
fastdllm,51,16,41,0,1,0,4.65,{}
fastdllm,51,18,46,0,1,0,4.55,{}
fastdllm,51,22,56,0,1,0,4.36,{}
fastdllm,51,24,61,0,1,0,4.27,{}
fastdllm,51,26,67,1,1,1,4.07,{}
fastdllm,51,28,72,1,1,1,3.97,{}
fastdllm,51,32,82,1,1,1,3.79,{}
fastdllm,51,34,87,1,1,1,3.69,{}
fastdllm,51,36,92,1,1,1,3.6,{}
fastdllm,51,38,97,1,1,1,3.51,{}
fastdllm,51,42,108,1,1,1,3.21,{}
fastdllm,51,44,113,1,1,1,3.12,{}
fastdllm,51,46,118,1,1,1,3.02,{}
fastdllm,51,48,123,1,1,1,2.93,{}
fastdllm,51,52,133,1,1,1,2.74,{}
fastdllm,51,54,138,1,1,1,2.65,{}
fastdllm,51,56,143,1,1,1,2.55,{}
fastdllm,51,58,148,1,1,1,2.46,{}
fastdllm,51,62,159,1,1,1,2.25,{}
fastdllm,51,64,164,1,1,1,2.15,{}
fastdllm,51,66,169,1,1,1,2.06,{}
fastdllm,51,68,174,1,1,1,1.97,{}
fastdllm,51,72,184,1,1,1,1.78,{}
fastdllm,51,74,189,1,1,1,1.68,{}
fastdllm,51,76,195,1,1,1,1.57,{}
fastdllm,51,78,200,1,1,1,1.47,{}
fastdllm,51,82,210,1,1,1,1.2,{}
fastdllm,51,84,215,1,1,1,1.11,{}
fastdllm,51,86,220,1,1,1,1.01,{}
fastdllm,51,88,225,1,1,1,0.92,{}
fastdllm,52,2,5,1,1,1,5.42,{}
fastdllm,52,4,10,1,1,1,5.33,{}
fastdllm,52,6,15,1,1,1,5.24,{}
fastdllm,52,8,20,1,1,1,5.14,{}
fastdllm,52,12,31,1,1,1,4.93,{}
fastdllm,52,14,36,1,1,1,4.75,{}
fastdllm,52,16,41,1,1,1,4.66,{}
fastdllm,52,18,46,1,1,1,4.57,{}
fastdllm,52,22,56,1,1,1,4.37,{}
fastdllm,52,24,61,1,1,1,4.28,{}
fastdllm,52,26,67,1,1,1,4.17,{}
fastdllm,52,28,72,1,1,1,4.07,{}
fastdllm,52,32,82,1,1,1,3.88,{}
fastdllm,52,34,87,1,1,1,3.78,{}
fastdllm,52,36,92,1,1,1,3.69,{}
fastdllm,52,38,97,1,1,1,3.51,{}
fastdllm,52,42,108,1,1,1,3.22,{}
fastdllm,52,44,113,1,1,1,3.12,{}
fastdllm,52,46,118,1,1,1,3.03,{}
fastdllm,52,48,123,1,1,1,2.94,{}
fastdllm,52,52,133,1,1,1,2.67,{}
fastdllm,52,54,138,1,1,1,2.57,{}
fastdllm,52,56,143,1,1,1,2.47,{}
fastdllm,52,58,148,1,1,1,2.38,{}
fastdllm,52,62,159,1,1,1,2.17,{}
fastdllm,52,64,164,1,1,1,1.99,{}
fastdllm,52,66,169,1,1,1,1.9,{}
fastdllm,52,68,174,1,1,1,1.8,{}
fastdllm,52,72,184,1,1,1,1.62,{}
fastdllm,52,74,189,1,1,1,1.52,{}
fastdllm,52,76,195,1,1,1,1.32,{}
fastdllm,52,78,200,1,1,1,1.23,{}
fastdllm,52,82,210,1,1,1,1.04,{}
fastdllm,52,84,215,1,1,1,0.94,{}
fastdllm,52,86,220,1,1,1,0.85,{}
fastdllm,52,88,225,1,1,1,0.75,{}
fastdllm,53,2,5,0,0,1,5.86,{}
fastdllm,53,4,10,1,1,1,5.77,{}
fastdllm,53,6,15,0,0,1,5.68,{}
fastdllm,53,8,20,0,0,1,5.58,{}
fastdllm,53,12,31,0,0,1,5.36,{}
fastdllm,53,14,36,0,0,1,5.27,{}
fastdllm,53,16,41,0,0,1,5.18,{}
fastdllm,53,18,46,0,0,1,5.08,{}
fastdllm,53,22,56,0,0,1,4.88,{}
fastdllm,53,24,61,0,0,1,4.79,{}
fastdllm,53,26,67,0,0,1,4.67,{}
fastdllm,53,28,72,0,0,1,4.58,{}
fastdllm,53,32,82,0,0,1,4.38,{}
fastdllm,53,34,87,0,0,1,4.29,{}
fastdllm,53,36,92,0,0,1,4.19,{}
fastdllm,53,38,97,0,0,1,3.83,{}
fastdllm,53,42,108,1,1,1,3.49,{}
fastdllm,53,44,113,0,0,1,3.39,{}
fastdllm,53,46,118,0,0,1,3.3,{}
fastdllm,53,48,123,1,1,1,3.21,{}
fastdllm,53,52,133,1,1,1,2.88,{}
fastdllm,53,54,138,1,1,1,2.79,{}
fastdllm,53,56,143,1,1,1,2.69,{}
fastdllm,53,58,148,1,1,1,2.59,{}
fastdllm,53,62,159,1,1,1,2.38,{}
fastdllm,53,64,164,1,1,1,2.15,{}
fastdllm,53,66,169,1,1,1,2.06,{}
fastdllm,53,68,174,1,1,1,1.97,{}
fastdllm,53,72,184,1,1,1,1.77,{}
fastdllm,53,74,189,1,1,1,1.68,{}
fastdllm,53,76,195,1,1,1,1.43,{}
fastdllm,53,78,200,1,1,1,1.33,{}
fastdllm,53,82,210,1,1,1,1.14,{}
fastdllm,53,84,215,1,1,1,1.05,{}
fastdllm,53,86,220,1,1,1,0.95,{}
fastdllm,53,88,225,1,1,1,0.72,{}
fastdllm,55,2,5,1,1,1,5.62,{}
fastdllm,55,4,10,1,1,1,5.52,{}
fastdllm,55,6,15,1,1,1,5.43,{}
fastdllm,55,8,20,1,1,1,5.33,{}
fastdllm,55,12,31,1,1,1,5.12,{}
fastdllm,55,14,36,1,1,1,5.03,{}
fastdllm,55,16,41,1,1,1,4.93,{}
fastdllm,55,18,46,1,1,1,4.84,{}
fastdllm,55,22,56,1,1,1,4.54,{}
fastdllm,55,24,61,1,1,1,4.45,{}
fastdllm,55,26,67,1,1,1,4.33,{}
fastdllm,55,28,72,1,1,1,4.24,{}
fastdllm,55,32,82,1,1,1,4.04,{}
fastdllm,55,34,87,1,1,1,3.94,{}
fastdllm,55,36,92,1,1,1,3.75,{}
fastdllm,55,38,97,1,1,1,3.55,{}
fastdllm,55,42,108,1,1,1,3.34,{}
fastdllm,55,44,113,1,1,1,3.24,{}
fastdllm,55,46,118,1,1,1,3.15,{}
fastdllm,55,48,123,1,1,1,3.05,{}
fastdllm,55,52,133,1,1,1,2.87,{}
fastdllm,55,54,138,1,1,1,2.77,{}
fastdllm,55,56,143,1,1,1,2.67,{}
fastdllm,55,58,148,1,1,1,2.58,{}
fastdllm,55,62,159,1,1,1,2.27,{}
fastdllm,55,64,164,1,1,1,2.17,{}
fastdllm,55,66,169,1,1,1,2.08,{}
fastdllm,55,68,174,1,1,1,1.98,{}
fastdllm,55,72,184,1,1,1,1.8,{}
fastdllm,55,74,189,1,1,1,1.7,{}
fastdllm,55,76,195,1,1,1,1.58,{}
fastdllm,55,78,200,1,1,1,1.49,{}
fastdllm,55,82,210,1,1,1,1.29,{}
fastdllm,55,84,215,1,1,1,1.2,{}
fastdllm,55,86,220,1,1,1,1.11,{}
fastdllm,55,88,225,1,1,1,1.01,{}
fastdllm,56,2,5,1,1,1,5.62,{}
fastdllm,56,4,10,1,1,1,5.53,{}
fastdllm,56,6,15,1,1,1,5.43,{}
fastdllm,56,8,20,1,1,1,5.34,{}
fastdllm,56,12,31,1,1,1,5.13,{}
fastdllm,56,14,36,1,1,1,4.93,{}
fastdllm,56,16,41,1,1,1,4.83,{}
fastdllm,56,18,46,1,1,1,4.74,{}
fastdllm,56,22,56,1,1,1,4.55,{}
fastdllm,56,24,61,1,1,1,4.45,{}
fastdllm,56,26,67,1,1,1,4.23,{}
fastdllm,56,28,72,1,1,1,4.14,{}
fastdllm,56,32,82,1,1,1,3.95,{}
fastdllm,56,34,87,1,1,1,3.86,{}
fastdllm,56,36,92,1,1,1,3.76,{}
fastdllm,56,38,97,1,1,1,3.66,{}
fastdllm,56,42,108,1,1,1,3.34,{}
fastdllm,56,44,113,1,1,1,3.25,{}
fastdllm,56,46,118,1,1,1,3.15,{}
fastdllm,56,48,123,1,1,1,3.06,{}
fastdllm,56,52,133,1,1,1,2.87,{}
fastdllm,56,54,138,1,1,1,2.67,{}
fastdllm,56,56,143,1,1,1,2.57,{}
fastdllm,56,58,148,1,1,1,2.48,{}
fastdllm,56,62,159,1,1,1,2.27,{}
fastdllm,56,64,164,1,1,1,2.07,{}
fastdllm,56,66,169,1,1,1,1.97,{}
fastdllm,56,68,174,1,1,1,1.88,{}
fastdllm,56,72,184,1,1,1,1.69,{}
fastdllm,56,74,189,1,1,1,1.59,{}
fastdllm,56,76,195,1,1,1,1.37,{}
fastdllm,56,78,200,1,1,1,1.28,{}
fastdllm,56,82,210,1,1,1,1.09,{}
fastdllm,56,84,215,1,1,1,0.99,{}
fastdllm,56,86,220,1,1,1,0.9,{}
fastdllm,56,88,225,1,1,1,0.8,{}
fastdllm,57,2,5,0,0,0,5.63,{}
fastdllm,57,4,10,1,1,1,5.54,{}
fastdllm,57,6,15,1,1,1,5.44,{}
fastdllm,57,8,20,1,1,1,5.34,{}
fastdllm,57,12,31,1,1,1,5.13,{}
fastdllm,57,14,36,1,1,1,4.93,{}
fastdllm,57,16,41,1,1,1,4.84,{}
fastdllm,57,18,46,1,1,1,4.74,{}
fastdllm,57,22,56,1,1,1,4.55,{}
fastdllm,57,24,61,1,1,1,4.46,{}
fastdllm,57,26,67,1,1,1,4.23,{}
fastdllm,57,28,72,1,1,1,4.14,{}
fastdllm,57,32,82,1,1,1,3.95,{}
fastdllm,57,34,87,1,1,1,3.85,{}
fastdllm,57,36,92,1,1,1,3.76,{}
fastdllm,57,38,97,1,1,1,3.67,{}
fastdllm,57,42,108,1,1,1,3.35,{}
fastdllm,57,44,113,1,1,1,3.25,{}
fastdllm,57,46,118,1,1,1,3.16,{}
fastdllm,57,48,123,1,1,1,3.06,{}
fastdllm,57,52,133,1,1,1,2.76,{}
fastdllm,57,54,138,1,1,1,2.67,{}
fastdllm,57,56,143,1,1,1,2.57,{}
fastdllm,57,58,148,1,1,1,2.48,{}
fastdllm,57,62,159,1,1,1,2.27,{}
fastdllm,57,64,164,1,1,1,2.18,{}
fastdllm,57,66,169,1,1,1,2.08,{}
fastdllm,57,68,174,1,1,1,1.99,{}
fastdllm,57,72,184,1,1,1,1.69,{}
fastdllm,57,74,189,1,1,1,1.59,{}
fastdllm,57,76,195,1,1,1,1.48,{}
fastdllm,57,78,200,1,1,1,1.38,{}
fastdllm,57,82,210,1,1,1,1.19,{}
fastdllm,57,84,215,1,1,1,1.1,{}
fastdllm,57,86,220,1,1,1,1.0,{}
fastdllm,57,88,225,1,1,1,0.91,{}
fastdllm,58,2,5,1,1,1,5.76,{}
fastdllm,58,4,10,1,1,1,5.66,{}
fastdllm,58,6,15,1,1,1,5.57,{}
fastdllm,58,8,20,1,1,1,5.47,{}
fastdllm,58,12,31,1,1,1,5.26,{}
fastdllm,58,14,36,1,1,1,5.16,{}
fastdllm,58,16,41,1,1,1,5.07,{}
fastdllm,58,18,46,1,1,1,4.97,{}
fastdllm,58,22,56,1,1,1,4.67,{}
fastdllm,58,24,61,1,1,1,4.57,{}
fastdllm,58,26,67,1,1,1,4.33,{}
fastdllm,58,28,72,1,1,1,4.24,{}
fastdllm,58,32,82,1,1,1,4.05,{}
fastdllm,58,34,87,1,1,1,3.95,{}
fastdllm,58,36,92,1,1,1,3.85,{}
fastdllm,58,38,97,1,1,1,3.64,{}
fastdllm,58,42,108,1,1,1,3.43,{}
fastdllm,58,44,113,1,1,1,3.33,{}
fastdllm,58,46,118,1,1,1,3.24,{}
fastdllm,58,48,123,1,1,1,3.14,{}
fastdllm,58,52,133,1,1,1,2.95,{}
fastdllm,58,54,138,1,1,1,2.86,{}
fastdllm,58,56,143,1,1,1,2.76,{}
fastdllm,58,58,148,1,1,1,2.67,{}
fastdllm,58,62,159,1,1,1,2.33,{}
fastdllm,58,64,164,1,1,1,2.12,{}
fastdllm,58,66,169,1,1,1,2.02,{}
fastdllm,58,68,174,1,1,1,1.93,{}
fastdllm,58,72,184,1,1,1,1.73,{}
fastdllm,58,74,189,1,1,1,1.64,{}
fastdllm,58,76,195,1,1,1,1.4,{}
fastdllm,58,78,200,1,1,1,1.31,{}
fastdllm,58,82,210,1,1,1,1.12,{}
fastdllm,58,84,215,1,1,1,1.02,{}
fastdllm,58,86,220,1,1,1,0.93,{}
fastdllm,58,88,225,1,1,1,0.83,{}
fastdllm,61,2,5,1,1,1,5.41,{}
fastdllm,61,4,10,1,1,1,5.32,{}
fastdllm,61,6,15,1,1,1,5.23,{}
fastdllm,61,8,20,1,1,1,5.13,{}
fastdllm,61,12,31,1,1,1,4.92,{}
fastdllm,61,14,36,1,1,1,4.83,{}
fastdllm,61,16,41,1,1,1,4.73,{}
fastdllm,61,18,46,1,1,1,4.63,{}
fastdllm,61,22,56,1,1,1,4.45,{}
fastdllm,61,24,61,1,1,1,4.35,{}
fastdllm,61,26,67,1,1,1,4.24,{}
fastdllm,61,28,72,1,1,1,4.15,{}
fastdllm,61,32,82,1,1,1,3.96,{}
fastdllm,61,34,87,1,1,1,3.86,{}
fastdllm,61,36,92,1,1,1,3.77,{}
fastdllm,61,38,97,1,1,1,3.67,{}
fastdllm,61,42,108,1,1,1,3.22,{}
fastdllm,61,44,113,1,1,1,3.12,{}
fastdllm,61,46,118,1,1,1,3.03,{}
fastdllm,61,48,123,1,1,1,2.93,{}
fastdllm,61,52,133,1,1,1,2.74,{}
fastdllm,61,54,138,1,1,1,2.65,{}
fastdllm,61,56,143,1,1,1,2.55,{}
fastdllm,61,58,148,1,1,1,2.38,{}
fastdllm,61,62,159,1,1,1,2.17,{}
fastdllm,61,64,164,1,1,1,2.07,{}
fastdllm,61,66,169,1,1,1,1.98,{}
fastdllm,61,68,174,1,1,1,1.88,{}
fastdllm,61,72,184,1,1,1,1.69,{}
fastdllm,61,74,189,1,1,1,1.6,{}
fastdllm,61,76,195,1,1,1,1.49,{}
fastdllm,61,78,200,1,1,1,1.39,{}
fastdllm,61,82,210,1,1,1,1.2,{}
fastdllm,61,84,215,1,1,1,1.11,{}
fastdllm,61,86,220,1,1,1,1.01,{}
fastdllm,61,88,225,1,1,1,0.92,{}
fastdllm,63,2,5,0,0,0,5.41,{}
fastdllm,63,4,10,0,0,0,5.32,{}
fastdllm,63,6,15,0,0,0,5.23,{}
fastdllm,63,8,20,1,1,1,5.13,{}
fastdllm,63,12,31,1,1,1,4.92,{}
fastdllm,63,14,36,1,1,1,4.82,{}
fastdllm,63,16,41,1,1,1,4.73,{}
fastdllm,63,18,46,1,1,1,4.63,{}
fastdllm,63,22,56,1,1,1,4.45,{}
fastdllm,63,24,61,1,1,1,4.27,{}
fastdllm,63,26,67,1,1,1,4.07,{}
fastdllm,63,28,72,1,1,1,3.98,{}
fastdllm,63,32,82,1,1,1,3.79,{}
fastdllm,63,34,87,1,1,1,3.69,{}
fastdllm,63,36,92,1,1,1,3.6,{}
fastdllm,63,38,97,1,1,1,3.51,{}
fastdllm,63,42,108,1,1,1,3.21,{}
fastdllm,63,44,113,1,1,1,3.12,{}
fastdllm,63,46,118,1,1,1,3.02,{}
fastdllm,63,48,123,1,1,1,2.93,{}
fastdllm,63,52,133,1,1,1,2.74,{}
fastdllm,63,54,138,1,1,1,2.65,{}
fastdllm,63,56,143,1,1,1,2.55,{}
fastdllm,63,58,148,1,1,1,2.37,{}
fastdllm,63,62,159,1,1,1,2.17,{}
fastdllm,63,64,164,1,1,1,2.07,{}
fastdllm,63,66,169,1,1,1,1.98,{}
fastdllm,63,68,174,1,1,1,1.88,{}
fastdllm,63,72,184,1,1,1,1.69,{}
fastdllm,63,74,189,1,1,1,1.6,{}
fastdllm,63,76,195,1,1,1,1.4,{}
fastdllm,63,78,200,1,1,1,1.31,{}
fastdllm,63,82,210,1,1,1,1.04,{}
fastdllm,63,84,215,1,1,1,0.94,{}
fastdllm,63,86,220,1,1,1,0.85,{}
fastdllm,63,88,225,1,1,1,0.75,{}
